company_name,primary_domain,info_url_1,info_url_1_source_type,info_url_2,info_url_2_source_type,sentiment_url_1,sentiment_url_1_source_type,sentiment_url_2,sentiment_url_2_source_type,notes
Innoviti Solutions,innoviti.com,https://innoviti.com/about-us/,own_about_page,https://in.linkedin.com/company/innoviti-technologies,linkedin,https://www.glassdoor.com/Reviews/Innoviti-Reviews-E637492.htm,glassdoor,,,Official domain identified from the TopStartups company listing. Substantive own-site company/about page was found. A company-specific Glassdoor review page was verified from the TopStartups listing and included as the optional sentiment URL.
Rupeek,rupeek.com,https://rupeek.com:443/about,own_about_page,https://linkedin.com/company/10045372,linkedin,https://www.glassdoor.com/Reviews/Rupeek-Reviews-E1398944.htm,glassdoor,,,Official domain identified from the TopStartups company listing. Substantive own-site company/about page was found. A company-specific Glassdoor review page was verified from the TopStartups listing and included as the optional sentiment URL.
Cuemath,cuemath.com,https://www.cuemath.com/about-us/,own_about_page,https://linkedin.com/company/cue-learn,linkedin,"https://www.glassdoor.com/Reviews/Cuelearn-cuemath-Reviews-EI_IE1333414.0,8_KH9,16.htm",glassdoor,,,Official domain identified from the TopStartups company listing. Substantive own-site company/about page was found. A company-specific Glassdoor review page was verified from the TopStartups listing and included as the optional sentiment URL.
Fashinza,fashinza.com,https://fashinza.com/who-we-are/,own_about_page,https://in.linkedin.com/company/fashinza,linkedin,https://www.glassdoor.com/Reviews/Fashinza-Reviews-E3826921.htm,glassdoor,,,Official domain identified from the TopStartups company listing. Substantive own-site company/about page was found. A company-specific Glassdoor review page was verified from the TopStartups listing and included as the optional sentiment URL.
Loop Health,loophealth.com,https://www.loophealth.com/our-story,own_about_page,https://linkedin.com/company/invoq-health,linkedin,,,,,Official domain identified from the TopStartups company listing. Substantive own-site company/about page was found. No company-specific sentiment URL was verified; left sentiment blank rather than padding with a generic search link.
BYJU'S,byjus.com,https://linkedin.com/company/byjus,linkedin,,,https://www.glassdoor.com/Reviews/BYJU-S-Reviews-E690021.htm,glassdoor,,,Official domain identified from the TopStartups company listing. No substantive own-site about page found; used the populated LinkedIn company page. A company-specific Glassdoor review page was verified from the TopStartups listing and included as the optional sentiment URL.
Perfios,perfios.ai,https://perfios.ai/about-us,own_about_page,https://in.linkedin.com/company/perfios,linkedin,https://www.glassdoor.com/Reviews/Perfios-Software-Reviews-E397130.htm,glassdoor,,,Official domain identified from the TopStartups company listing. Substantive own-site company/about page was found. A company-specific Glassdoor review page was verified from the TopStartups listing and included as the optional sentiment URL.
Livspace,livspace.com,https://www.livspace.com:443/in/about-us,own_about_page,https://linkedin.com/company/livspace,linkedin,"https://www.glassdoor.com/Overview/Working-at-LivSpace-EI_IE1326799.11,19.htm",glassdoor,,,Official domain identified from the TopStartups company listing. Substantive own-site company/about page was found. A company-specific Glassdoor review page was verified from the TopStartups listing and included as the optional sentiment URL.
INCREFF,increff.com,https://www.increff.com/about-us,own_about_page,https://linkedin.com/company/increff,linkedin,"https://www.glassdoor.com/Overview/Working-at-Increff-EI_IE1650026.11,18.htm",glassdoor,,,Official domain identified from the TopStartups company listing. Substantive own-site company/about page was found. A company-specific Glassdoor review page was verified from the TopStartups listing and included as the optional sentiment URL.
Swiggy,swiggy.com,https://linkedin.com/company/swiggy-in,linkedin,https://en.wikipedia.org/wiki/Swiggy,wikipedia,https://www.glassdoor.com/Reviews/Swiggy-Reviews-E952680.htm,glassdoor,,,Official domain identified from the TopStartups company listing. No substantive own-site about page found; used the populated LinkedIn company page. A company-specific Glassdoor review page was verified from the TopStartups listing and included as the optional sentiment URL.
BlueStone,bluestone.com,https://linkedin.com/company/bluestone-com,linkedin,,,https://www.glassdoor.com/Reviews/Bluestone-com-Reviews-E924070.htm,glassdoor,,,Official domain identified from the TopStartups company listing. No substantive own-site about page found; used the populated LinkedIn company page. A company-specific Glassdoor review page was verified from the TopStartups listing and included as the optional sentiment URL.
Razorpay,razorpay.com,https://razorpay.com/about/,own_about_page,https://linkedin.com/company/razorpay,linkedin,"https://www.glassdoor.com/Overview/Working-at-Razorpay-EI_IE1146550.11,19.htm",glassdoor,,,Official domain identified from the TopStartups company listing. Substantive own-site company/about page was found. A company-specific Glassdoor review page was verified from the TopStartups listing and included as the optional sentiment URL.
Pristyn Care,pristyncare.com,https://www.linkedin.com/company/pristyncare/,linkedin,https://en.wikipedia.org/wiki/Pristyn_Care,wikipedia,https://www.glassdoor.com/Reviews/Pristyn-Care-Reviews-E2862380.htm,glassdoor,,,Official domain identified from the TopStartups company listing. No substantive own-site about page found; used the populated LinkedIn company page. A company-specific Glassdoor review page was verified from the TopStartups listing and included as the optional sentiment URL.
Rentomojo,rentomojo.com,https://www.rentomojo.com/about/aboutus,own_about_page,https://linkedin.com/company/rentomojo,linkedin,"https://www.glassdoor.com/Overview/Working-at-RentoMojo-EI_IE1316648.11,20.htm",glassdoor,,,Official domain identified from the TopStartups company listing. Substantive own-site company/about page was found. A company-specific Glassdoor review page was verified from the TopStartups listing and included as the optional sentiment URL.
MyGlamm,myglamm.com,https://linkedin.com/company/myglamm,linkedin,,,https://www.glassdoor.com/Reviews/MyGlamm-Reviews-E1375928.htm,glassdoor,,,Official domain identified from the TopStartups company listing. No substantive own-site about page found; used the populated LinkedIn company page. A company-specific Glassdoor review page was verified from the TopStartups listing and included as the optional sentiment URL.
Lokal,lokalapps.com,https://www.lokalapps.com/about-us,own_about_page,https://linkedin.com/company/lokal-app,linkedin,,,,,Official domain identified from the TopStartups company listing. Substantive own-site company/about page was found. No company-specific sentiment URL was verified; left sentiment blank rather than padding with a generic search link.
CoinSwitch,coinswitch.co,https://coinswitch.co/about-us,own_about_page,https://www.linkedin.com/company/coinswitch/,linkedin,"https://www.glassdoor.com/Overview/Working-at-CoinSwitch-EI_IE2396041.11,21.htm",glassdoor,,,Official domain identified from the TopStartups company listing. Substantive own-site company/about page was found. A company-specific Glassdoor review page was verified from the TopStartups listing and included as the optional sentiment URL.
Zepto,zeptonow.com,https://www.ycombinator.com/companies/zepto,other,,,,,,,Official domain identified from the YC company profile. No substantive own-site about page found; used the YC company profile. No company-specific sentiment URL was verified; left sentiment blank rather than padding with a generic search link.
Ritivel,ritivel.com,https://www.ritivel.com/about,own_about_page,,,,,,,Official domain identified from the YC company profile. Substantive own-site company/about page was found. No company-specific sentiment URL was verified; left sentiment blank rather than padding with a generic search link.
Ressl AI,ressl.ai,https://www.ycombinator.com/companies/ressl-ai,other,,,,,,,Official domain identified from the YC company profile. No substantive own-site about page found; used the YC company profile. No company-specific sentiment URL was verified; left sentiment blank rather than padding with a generic search link.
Bolna AI,bolna.ai,https://www.ycombinator.com/companies/bolna-ai,other,,,,,,,Official domain identified from the YC company profile. No substantive own-site about page found; used the YC company profile. No company-specific sentiment URL was verified; left sentiment blank rather than padding with a generic search link.
Truffle AI,trytruffle.ai,https://www.ycombinator.com/companies/truffle-ai,other,,,,,,,Official domain identified from the YC company profile. No substantive own-site about page found; used the YC company profile. No company-specific sentiment URL was verified; left sentiment blank rather than padding with a generic search link.
SureBright,surebright.com,https://www.surebright.com/aboutus,own_about_page,,,,,,,Official domain identified from the YC company profile. Substantive own-site company/about page was found. No company-specific sentiment URL was verified; left sentiment blank rather than padding with a generic search link.
Infinity,infinityapp.in,https://www.infinityapp.in/about-us,own_about_page,https://www.ycombinator.com/companies/infinity,other,,,,,Official domain identified from the YC company profile. Substantive own-site company/about page was found. No company-specific sentiment URL was verified; left sentiment blank rather than padding with a generic search link.
Heysol,getcore.me,https://www.ycombinator.com/companies/heysol,other,,,,,,,Official domain identified from the YC company profile. No substantive own-site about page found; used the YC company profile. No company-specific sentiment URL was verified; left sentiment blank rather than padding with a generic search link.
Clickpe,clickpe.ai,https://clickpe.ai/about-us,own_about_page,https://www.ycombinator.com/companies/clickpe,other,,,,,Official domain identified from the YC company profile. Substantive own-site company/about page was found. No company-specific sentiment URL was verified; left sentiment blank rather than padding with a generic search link.
SuperAPI,trysuperapi.com,https://www.ycombinator.com/companies/superapi,other,,,,,,,Official domain identified from the YC company profile. No substantive own-site about page found; used the YC company profile. No company-specific sentiment URL was verified; left sentiment blank rather than padding with a generic search link.
Floworks,floworks.ai,https://www.ycombinator.com/companies/floworks,other,,,,,,,Official domain identified from the YC company profile. No substantive own-site about page found; used the YC company profile. No company-specific sentiment URL was verified; left sentiment blank rather than padding with a generic search link.
Clueso,clueso.io,https://www.ycombinator.com/companies/clueso,other,,,,,,,Official domain identified from the YC company profile. No substantive own-site about page found; used the YC company profile. No company-specific sentiment URL was verified; left sentiment blank rather than padding with a generic search link.
Retape,retape.ai,https://retape.ai/about,own_about_page,https://www.ycombinator.com/companies/retape,other,,,,,Official domain identified from the YC company profile. Substantive own-site company/about page was found. No company-specific sentiment URL was verified; left sentiment blank rather than padding with a generic search link.
DrDroid,drdroid.io,https://drdroid.io/about-us,own_about_page,https://www.ycombinator.com/companies/drdroid,other,,,,,Official domain identified from the YC company profile. Substantive own-site company/about page was found. No company-specific sentiment URL was verified; left sentiment blank rather than padding with a generic search link.
Gullak Money,gullak.money,https://gullak.money/about/,own_about_page,https://www.ycombinator.com/companies/gullak-money,other,,,,,Official domain identified from the YC company profile. Substantive own-site company/about page was found. No company-specific sentiment URL was verified; left sentiment blank rather than padding with a generic search link.
Coupl,coupl.money,https://coupl.money/about-us,own_about_page,https://www.ycombinator.com/companies/coupl,other,,,,,Official domain identified from the YC company profile. Substantive own-site company/about page was found. No company-specific sentiment URL was verified; left sentiment blank rather than padding with a generic search link.
AlgoTest,algotest.in,https://www.ycombinator.com/companies/algotest,other,,,,,,,Official domain identified from the YC company profile. No substantive own-site about page found; used the YC company profile. No company-specific sentiment URL was verified; left sentiment blank rather than padding with a generic search link.
Slidely AI,slidely.ai,https://www.ycombinator.com/companies/slidely-ai,other,,,,,,,Official domain identified from the YC company profile. No substantive own-site about page found; used the YC company profile. No company-specific sentiment URL was verified; left sentiment blank rather than padding with a generic search link.
Flatx,flatx.co,https://www.flatx.co/about,own_about_page,https://www.ycombinator.com/companies/flatx,other,,,,,Official domain identified from the YC company profile. Substantive own-site company/about page was found. No company-specific sentiment URL was verified; left sentiment blank rather than padding with a generic search link.
Raven,startraven.com,https://startraven.com/about-us,own_about_page,https://en.wikipedia.org/wiki/That's_So_Raven,wikipedia,,,,,Official domain identified from the YC company profile. Substantive own-site company/about page was found. No company-specific sentiment URL was verified; left sentiment blank rather than padding with a generic search link.
Maya Labs,mayalabs.io,https://www.ycombinator.com/companies/maya-labs,other,,,,,,,Official domain identified from the YC company profile. No substantive own-site about page found; used the YC company profile. No company-specific sentiment URL was verified; left sentiment blank rather than padding with a generic search link.
Compup,compup.io,https://www.compup.io/about-us,own_about_page,https://www.ycombinator.com/companies/compup,other,,,,,Official domain identified from the YC company profile. Substantive own-site company/about page was found. No company-specific sentiment URL was verified; left sentiment blank rather than padding with a generic search link.
Landeed,landeed.com,https://www.landeed.com/about,own_about_page,https://www.ycombinator.com/companies/landeed,other,,,,,Official domain identified from the YC company profile. Substantive own-site company/about page was found. No company-specific sentiment URL was verified; left sentiment blank rather than padding with a generic search link.
100x,100x.bot,https://www.ycombinator.com/companies/100x,other,,,,,,,Official domain identified from the YC company profile. No substantive own-site about page found; used the YC company profile. No company-specific sentiment URL was verified; left sentiment blank rather than padding with a generic search link.
Peoplebox,peoplebox.ai,https://www.peoplebox.ai/blog/company-culture-words/,own_about_page,https://www.ycombinator.com/companies/peoplebox,other,,,,,Official domain identified from the YC company profile. Substantive own-site company/about page was found. No company-specific sentiment URL was verified; left sentiment blank rather than padding with a generic search link.
Clinikally,clinikally.com,https://www.ycombinator.com/companies/clinikally,other,,,,,,,Official domain identified from the YC company profile. No substantive own-site about page found; used the YC company profile. No company-specific sentiment URL was verified; left sentiment blank rather than padding with a generic search link.
Flux Auto,fluxauto.ai,https://fluxauto.ai/who-we-are,own_about_page,https://www.ycombinator.com/companies/flux-auto,other,,,,,Official domain identified from the YC company profile. Substantive own-site company/about page was found. No company-specific sentiment URL was verified; left sentiment blank rather than padding with a generic search link.
Apollo,apollofirst.xyz,https://www.ycombinator.com/companies/apollo-3,other,,,,,,,Official domain identified from the YC company profile. Used the YC company profile as the information source. No company-specific sentiment URL was verified; left sentiment blank rather than padding with a generic search link.
Salt,salt.pe,https://www.ycombinator.com/companies/salt,other,,,,,,,Official domain identified from the YC company profile. No substantive own-site about page found; used the YC company profile. No company-specific sentiment URL was verified; left sentiment blank rather than padding with a generic search link.
Kaagaz,kaagaz.app,https://www.ycombinator.com/companies/kaagaz,other,,,,,,,Official domain identified from the YC company profile. No substantive own-site about page found; used the YC company profile. No company-specific sentiment URL was verified; left sentiment blank rather than padding with a generic search link.
Spadeworks,spadeworks.co,https://www.ycombinator.com/companies/spadeworks,other,,,,,,,Official domain identified from the YC company profile. No substantive own-site about page found; used the YC company profile. No company-specific sentiment URL was verified; left sentiment blank rather than padding with a generic search link.
Wipro,wipro.com,https://www.wipro.com/about-us/,own_about_page,https://en.wikipedia.org/wiki/Wipro,wikipedia,,,,,Official domain supplied from a curated Indian-company candidate list and verified live. Substantive own-site company/about page was found. No company-specific sentiment URL was verified; left sentiment blank rather than padding with a generic search link.
HCLTech,hcltech.com,https://www.hcltech.com/about-us,own_about_page,https://en.wikipedia.org/wiki/HCLTech,wikipedia,,,,,Official domain supplied from a curated Indian-company candidate list and verified live. Substantive own-site company/about page was found. No company-specific sentiment URL was verified; left sentiment blank rather than padding with a generic search link.
Tech Mahindra,techmahindra.com,https://www.techmahindra.com/about-us/,own_about_page,https://en.wikipedia.org/wiki/Tech_Mahindra,wikipedia,,,,,Official domain supplied from a curated Indian-company candidate list and verified live. Substantive own-site company/about page was found. No company-specific sentiment URL was verified; left sentiment blank rather than padding with a generic search link.
Reliance Industries,ril.com,https://www.ril.com/about,own_about_page,,,,,,,Official domain supplied from a curated Indian-company candidate list and verified live. Substantive own-site company/about page was found. No company-specific sentiment URL was verified; left sentiment blank rather than padding with a generic search link.
Bharti Airtel,airtel.in,https://en.wikipedia.org/wiki/Bharti_Airtel,wikipedia,,,,,,,Official domain supplied from a curated Indian-company candidate list and verified live. Used the populated Wikipedia company profile as the information source. No company-specific sentiment URL was verified; left sentiment blank rather than padding with a generic search link.
ICICI Bank,icicibank.com,https://www.icici.bank.in/about-us,own_about_page,https://en.wikipedia.org/wiki/ICICI_Bank,wikipedia,,,,,Official domain supplied from a curated Indian-company candidate list and verified live. Substantive own-site company/about page was found. No company-specific sentiment URL was verified; left sentiment blank rather than padding with a generic search link.
HDFC Bank,hdfcbank.com,https://www.hdfc.bank.in/about-us,own_about_page,https://en.wikipedia.org/wiki/HDFC_Bank,wikipedia,,,,,Official domain supplied from a curated Indian-company candidate list and verified live. Substantive own-site company/about page was found. No company-specific sentiment URL was verified; left sentiment blank rather than padding with a generic search link.
Axis Bank,axisbank.com,https://www.axis.bank.in/about-us,own_about_page,https://en.wikipedia.org/wiki/Axis_Bank,wikipedia,,,,,Official domain supplied from a curated Indian-company candidate list and verified live. Substantive own-site company/about page was found. No company-specific sentiment URL was verified; left sentiment blank rather than padding with a generic search link.
State Bank of India,sbi.co.in,https://en.wikipedia.org/wiki/State_Bank_of_India,wikipedia,,,,,,,Official domain supplied from a curated Indian-company candidate list and verified live. Used the populated Wikipedia company profile as the information source. No company-specific sentiment URL was verified; left sentiment blank rather than padding with a generic search link.
Larsen & Toubro,larsentoubro.com,https://en.wikipedia.org/wiki/Larsen_&_Toubro,wikipedia,,,,,,,Official domain supplied from a curated Indian-company candidate list and verified live. Used the populated Wikipedia company profile as the information source. No company-specific sentiment URL was verified; left sentiment blank rather than padding with a generic search link.
ITC,itcportal.com,https://en.wikipedia.org/wiki/ITC_Limited,wikipedia,,,,,,,Official domain supplied from a curated Indian-company candidate list and verified live. Used the populated Wikipedia company profile as the information source. No company-specific sentiment URL was verified; left sentiment blank rather than padding with a generic search link.
Asian Paints,asianpaints.com,https://en.wikipedia.org/wiki/Asian_Paints,wikipedia,,,,,,,Official domain supplied from a curated Indian-company candidate list and verified live. Used the populated Wikipedia company profile as the information source. No company-specific sentiment URL was verified; left sentiment blank rather than padding with a generic search link.
Maruti Suzuki India,marutisuzuki.com,https://en.wikipedia.org/wiki/Maruti_Suzuki,wikipedia,,,,,,,Official domain supplied from a curated Indian-company candidate list and verified live. Used the populated Wikipedia company profile as the information source. No company-specific sentiment URL was verified; left sentiment blank rather than padding with a generic search link.
Mahindra & Mahindra,mahindra.com,https://www.mahindra.com/about-us,own_about_page,,,,,,,Official domain supplied from a curated Indian-company candidate list and verified live. Substantive own-site company/about page was found. No company-specific sentiment URL was verified; left sentiment blank rather than padding with a generic search link.
Bajaj Auto,bajajauto.com,https://www.bajajauto.com/,own_about_page,https://en.wikipedia.org/wiki/Bajaj_Auto,wikipedia,,,,,Official domain supplied from a curated Indian-company candidate list and verified live. Substantive own-site company/about page was found. No company-specific sentiment URL was verified; left sentiment blank rather than padding with a generic search link.
Titan Company,titancompany.in,https://www.titancompany.in/about-us,own_about_page,https://en.wikipedia.org/wiki/Titan_Company,wikipedia,,,,,Official domain supplied from a curated Indian-company candidate list and verified live. Substantive own-site company/about page was found. No company-specific sentiment URL was verified; left sentiment blank rather than padding with a generic search link.
Dr. Reddy's Laboratories,drreddys.com,https://www.drreddys.com/about-us,own_about_page,,,,,,,Official domain supplied from a curated Indian-company candidate list and verified live. Substantive own-site company/about page was found. No company-specific sentiment URL was verified; left sentiment blank rather than padding with a generic search link.
Cipla,cipla.com,https://en.wikipedia.org/wiki/Cipla,wikipedia,,,,,,,Official domain supplied from a curated Indian-company candidate list and verified live. Used the populated Wikipedia company profile as the information source. No company-specific sentiment URL was verified; left sentiment blank rather than padding with a generic search link.
Britannia Industries,britannia.co.in,https://www.britannia.co.in/about-us,own_about_page,,,,,,,Official domain supplied from a curated Indian-company candidate list and verified live. Substantive own-site company/about page was found. No company-specific sentiment URL was verified; left sentiment blank rather than padding with a generic search link.
Zomato,zomato.com,https://www.eternal.com/our-businesses/zomato/,own_about_page,,,,,,,Official domain supplied from a curated Indian-company candidate list and verified live. Substantive own-site company/about page was found. No company-specific sentiment URL was verified; left sentiment blank rather than padding with a generic search link.
PhonePe,phonepe.com,https://www.phonepe.com/about-us/,own_about_page,https://en.wikipedia.org/wiki/PhonePe,wikipedia,,,,,Official domain supplied from a curated Indian-company candidate list and verified live. Substantive own-site company/about page was found. No company-specific sentiment URL was verified; left sentiment blank rather than padding with a generic search link.
Paytm,paytm.com,https://paytm.com/about-us,own_about_page,https://en.wikipedia.org/wiki/Paytm,wikipedia,,,,,Official domain supplied from a curated Indian-company candidate list and verified live. Substantive own-site company/about page was found. No company-specific sentiment URL was verified; left sentiment blank rather than padding with a generic search link.
Lenskart,lenskart.com,https://www.lenskart.com/aboutus,own_about_page,https://en.wikipedia.org/wiki/Lenskart,wikipedia,,,,,Official domain supplied from a curated Indian-company candidate list and verified live. Substantive own-site company/about page was found. No company-specific sentiment URL was verified; left sentiment blank rather than padding with a generic search link.
Ola Electric,olaelectric.com,https://www.olaelectric.com/about,own_about_page,,,,,,,Official domain supplied from a curated Indian-company candidate list and verified live. Substantive own-site company/about page was found. No company-specific sentiment URL was verified; left sentiment blank rather than padding with a generic search link.
Ola,olacabs.com,https://www.olacabs.com/about,own_about_page,,,,,,,Official domain supplied from a curated Indian-company candidate list and verified live. Substantive own-site company/about page was found. No company-specific sentiment URL was verified; left sentiment blank rather than padding with a generic search link.
InMobi,inmobi.com,https://advertising.inmobi.com/company,own_about_page,https://en.wikipedia.org/wiki/InMobi,wikipedia,,,,,Official domain supplied from a curated Indian-company candidate list and verified live. Substantive own-site company/about page was found. No company-specific sentiment URL was verified; left sentiment blank rather than padding with a generic search link.
Udaan,udaan.com,https://udaan.com/about-us,own_about_page,,,,,,,Official domain supplied from a curated Indian-company candidate list and verified live. Substantive own-site company/about page was found. No company-specific sentiment URL was verified; left sentiment blank rather than padding with a generic search link.
Unacademy,unacademy.com,https://unacademy.com/about,own_about_page,https://en.wikipedia.org/wiki/Unacademy,wikipedia,,,,,Official domain supplied from a curated Indian-company candidate list and verified live. Substantive own-site company/about page was found. No company-specific sentiment URL was verified; left sentiment blank rather than padding with a generic search link.
Urban Company,urbancompany.com,https://en.wikipedia.org/wiki/Urban_Company,wikipedia,,,,,,,Official domain supplied from a curated Indian-company candidate list and verified live. Used the populated Wikipedia company profile as the information source. No company-specific sentiment URL was verified; left sentiment blank rather than padding with a generic search link.
Practo,practo.com,https://www.practo.com/company/about,own_about_page,,,,,,,Official domain supplied from a curated Indian-company candidate list and verified live. Substantive own-site company/about page was found. No company-specific sentiment URL was verified; left sentiment blank rather than padding with a generic search link.
FirstCry,firstcry.com,https://www.firstcry.com/,own_about_page,https://en.wikipedia.org/wiki/FirstCry,wikipedia,,,,,Official domain supplied from a curated Indian-company candidate list and verified live. Substantive own-site company/about page was found. No company-specific sentiment URL was verified; left sentiment blank rather than padding with a generic search link.
Dream11,dream11.com,https://www.dream11.com/,own_about_page,https://en.wikipedia.org/wiki/Dream11,wikipedia,,,,,Official domain supplied from a curated Indian-company candidate list and verified live. Substantive own-site company/about page was found. No company-specific sentiment URL was verified; left sentiment blank rather than padding with a generic search link.
CRED,cred.club,https://cred.club/about,own_about_page,https://en.wikipedia.org/wiki/Cred_(company),wikipedia,,,,,Official domain supplied from a curated Indian-company candidate list and verified live. Substantive own-site company/about page was found. No company-specific sentiment URL was verified; left sentiment blank rather than padding with a generic search link.
Rapido,rapido.bike,https://en.wikipedia.org/wiki/Rapido_(company),wikipedia,,,,,,,Official domain supplied from a curated Indian-company candidate list and verified live. Used the populated Wikipedia company profile as the information source. No company-specific sentiment URL was verified; left sentiment blank rather than padding with a generic search link.
Ninjacart,ninjacart.com,https://ninjacart.com/about-us/,own_about_page,,,,,,,Official domain supplied from a curated Indian-company candidate list and verified live. Substantive own-site company/about page was found. No company-specific sentiment URL was verified; left sentiment blank rather than padding with a generic search link.
Delhivery,delhivery.com,https://en.wikipedia.org/wiki/Delhivery,wikipedia,,,,,,,Official domain supplied from a curated Indian-company candidate list and verified live. Used the populated Wikipedia company profile as the information source. No company-specific sentiment URL was verified; left sentiment blank rather than padding with a generic search link.
Moglix,moglix.com,https://www.moglix.com/about,own_about_page,https://en.wikipedia.org/wiki/Moglix,wikipedia,,,,,Official domain supplied from a curated Indian-company candidate list and verified live. Substantive own-site company/about page was found. No company-specific sentiment URL was verified; left sentiment blank rather than padding with a generic search link.
OfBusiness,ofbusiness.com,https://www.ofbusiness.com/about,own_about_page,,,,,,,Official domain supplied from a curated Indian-company candidate list and verified live. Substantive own-site company/about page was found. No company-specific sentiment URL was verified; left sentiment blank rather than padding with a generic search link.
ShareChat,sharechat.com,https://sharechat.com/about/company,own_about_page,https://en.wikipedia.org/wiki/ShareChat,wikipedia,,,,,Official domain supplied from a curated Indian-company candidate list and verified live. Substantive own-site company/about page was found. No company-specific sentiment URL was verified; left sentiment blank rather than padding with a generic search link.
Dailyhunt,dailyhunt.in,https://m.dailyhunt.in/news/india/english/about-us,own_about_page,,,,,,,Official domain supplied from a curated Indian-company candidate list and verified live. Substantive own-site company/about page was found. No company-specific sentiment URL was verified; left sentiment blank rather than padding with a generic search link.
Glance,glance.com,https://glance.com/row/about-us,own_about_page,,,,,,,Official domain supplied from a curated Indian-company candidate list and verified live. Substantive own-site company/about page was found. No company-specific sentiment URL was verified; left sentiment blank rather than padding with a generic search link.
MobiKwik,mobikwik.com,https://en.wikipedia.org/wiki/MobiKwik,wikipedia,,,,,,,Official domain supplied from a curated Indian-company candidate list and verified live. Used the populated Wikipedia company profile as the information source. No company-specific sentiment URL was verified; left sentiment blank rather than padding with a generic search link.
BharatPe,bharatpe.com,https://bharatpe.com/about,own_about_page,https://en.wikipedia.org/wiki/BharatPe,wikipedia,,,,,Official domain supplied from a curated Indian-company candidate list and verified live. Substantive own-site company/about page was found. No company-specific sentiment URL was verified; left sentiment blank rather than padding with a generic search link.
Acko,acko.com,https://www.acko.com/about-us/,own_about_page,,,,,,,Official domain supplied from a curated Indian-company candidate list and verified live. Substantive own-site company/about page was found. No company-specific sentiment URL was verified; left sentiment blank rather than padding with a generic search link.
Tata Motors,tatamotors.com,https://www.tatamotors.com/organisation/about-us/,own_about_page,https://en.wikipedia.org/wiki/Tata_Motors,wikipedia,,,,,Official domain supplied from a curated Indian-company candidate list and verified live. Substantive own-site company/about page was found. No company-specific sentiment URL was verified; left sentiment blank rather than padding with a generic search link.
Tata Steel,tatasteel.com,https://en.wikipedia.org/wiki/Tata_Steel,wikipedia,,,,,,,Official domain supplied from a curated Indian-company candidate list and verified live. Used the populated Wikipedia company profile as the information source. No company-specific sentiment URL was verified; left sentiment blank rather than padding with a generic search link.
Tata Power,tatapower.com,https://www.tatapower.com/our-legacy,own_about_page,https://en.wikipedia.org/wiki/Tata_Power,wikipedia,,,,,Official domain supplied from a curated Indian-company candidate list and verified live. Substantive own-site company/about page was found. No company-specific sentiment URL was verified; left sentiment blank rather than padding with a generic search link.
Tata Consumer Products,tataconsumer.com,https://www.tataconsumer.com/about,own_about_page,https://en.wikipedia.org/wiki/Tata_Consumer_Products,wikipedia,,,,,Official domain supplied from a curated Indian-company candidate list and verified live. Substantive own-site company/about page was found. No company-specific sentiment URL was verified; left sentiment blank rather than padding with a generic search link.
Tata Chemicals,tatachemicals.com,https://www.tatachemicals.com/about,own_about_page,https://en.wikipedia.org/wiki/Tata_Chemicals,wikipedia,,,,,Official domain supplied from a curated Indian-company candidate list and verified live. Substantive own-site company/about page was found. No company-specific sentiment URL was verified; left sentiment blank rather than padding with a generic search link.
Tata Communications,tatacommunications.com,https://www.tatacommunications.com/about,own_about_page,https://en.wikipedia.org/wiki/Tata_Communications,wikipedia,,,,,Official domain supplied from a curated Indian-company candidate list and verified live. Substantive own-site company/about page was found. No company-specific sentiment URL was verified; left sentiment blank rather than padding with a generic search link.
Tata Elxsi,tataelxsi.com,https://www.tataelxsi.com/about-us,own_about_page,https://en.wikipedia.org/wiki/Tata_Group,wikipedia,,,,,Official domain supplied from a curated Indian-company candidate list and verified live. Substantive own-site company/about page was found. No company-specific sentiment URL was verified; left sentiment blank rather than padding with a generic search link.
Tata Technologies,tatatechnologies.com,https://www.tatatechnologies.com/en/about-us/,own_about_page,https://en.wikipedia.org/wiki/Tata_Technologies,wikipedia,,,,,Official domain supplied from a curated Indian-company candidate list and verified live. Substantive own-site company/about page was found. No company-specific sentiment URL was verified; left sentiment blank rather than padding with a generic search link.
Indian Hotels Company,ihcl.com,https://ihcl.com/about/,own_about_page,https://en.wikipedia.org/wiki/Indian_Hotels_Company_Limited,wikipedia,,,,,Official domain supplied from a curated Indian-company candidate list and verified live. Substantive own-site company/about page was found. No company-specific sentiment URL was verified; left sentiment blank rather than padding with a generic search link.
Trent,trentlimited.com,https://en.wikipedia.org/wiki/Trent_Limited,wikipedia,,,,,,,Official domain supplied from a curated Indian-company candidate list and verified live. Used the populated Wikipedia company profile as the information source. No company-specific sentiment URL was verified; left sentiment blank rather than padding with a generic search link.
Voltas,voltas.com,https://www.voltas.com/pages/about-voltas,own_about_page,https://en.wikipedia.org/wiki/Voltas,wikipedia,,,,,Official domain supplied from a curated Indian-company candidate list and verified live. Substantive own-site company/about page was found. No company-specific sentiment URL was verified; left sentiment blank rather than padding with a generic search link.
Tata Capital,tatacapital.com,https://www.tatacapital.com/,own_about_page,https://en.wikipedia.org/wiki/Tata_Sons,wikipedia,,,,,Official domain supplied from a curated Indian-company candidate list and verified live. Substantive own-site company/about page was found. No company-specific sentiment URL was verified; left sentiment blank rather than padding with a generic search link.
Tata International,tatainternational.com,https://www.tatainternational.com/about-us/company-profile/,own_about_page,https://en.wikipedia.org/wiki/Tata_Group,wikipedia,,,,,Official domain supplied from a curated Indian-company candidate list and verified live. Substantive own-site company/about page was found. No company-specific sentiment URL was verified; left sentiment blank rather than padding with a generic search link.
Tata Electronics,tataelectronics.com,https://www.tataelectronics.com/who-we-are,own_about_page,https://en.wikipedia.org/wiki/Tata_Group,wikipedia,,,,,Official domain supplied from a curated Indian-company candidate list and verified live. Substantive own-site company/about page was found. No company-specific sentiment URL was verified; left sentiment blank rather than padding with a generic search link.
Tata Digital,tataneu.com,https://en.wikipedia.org/wiki/Tata_Communications,wikipedia,,,,,,,Official domain supplied from a curated Indian-company candidate list and verified live. Used the populated Wikipedia company profile as the information source. No company-specific sentiment URL was verified; left sentiment blank rather than padding with a generic search link.
Tata Investment Corporation,tatainvestment.com,https://tatainvestment.com/company-profile/,own_about_page,https://en.wikipedia.org/wiki/Tata_Investment_Corp,wikipedia,,,,,Official domain supplied from a curated Indian-company candidate list and verified live. Substantive own-site company/about page was found. No company-specific sentiment URL was verified; left sentiment blank rather than padding with a generic search link.
Adani Enterprises,adanienterprises.com,https://www.adanienterprises.com/about-us,own_about_page,https://en.wikipedia.org/wiki/Adani_Enterprises,wikipedia,,,,,Official domain supplied from a curated Indian-company candidate list and verified live. Substantive own-site company/about page was found. No company-specific sentiment URL was verified; left sentiment blank rather than padding with a generic search link.
Adani Wilmar,awl.in,https://www.awl.in/company-presentation/,own_about_page,https://en.wikipedia.org/wiki/Adani_Enterprises,wikipedia,,,,,Official domain supplied from a curated Indian-company candidate list and verified live. Substantive own-site company/about page was found. No company-specific sentiment URL was verified; left sentiment blank rather than padding with a generic search link.
UltraTech Cement,ultratechcement.com,https://www.ultratechcement.com/,own_about_page,https://en.wikipedia.org/wiki/UltraTech_Cement,wikipedia,,,,,Official domain supplied from a curated Indian-company candidate list and verified live. Substantive own-site company/about page was found. No company-specific sentiment URL was verified; left sentiment blank rather than padding with a generic search link.
Aditya Birla Capital,adityabirlacapital.com,https://www.adityabirlacapital.com/about-us,own_about_page,https://en.wikipedia.org/wiki/Aditya_Birla_Group,wikipedia,,,,,Official domain supplied from a curated Indian-company candidate list and verified live. Substantive own-site company/about page was found. No company-specific sentiment URL was verified; left sentiment blank rather than padding with a generic search link.
Aditya Birla Fashion and Retail,abfrl.com,https://www.abfrl.com/about-us/,own_about_page,https://en.wikipedia.org/wiki/Aditya_Birla_Fashion_and_Retail,wikipedia,,,,,Official domain supplied from a curated Indian-company candidate list and verified live. Substantive own-site company/about page was found. No company-specific sentiment URL was verified; left sentiment blank rather than padding with a generic search link.
Vodafone Idea,myvi.in,https://en.wikipedia.org/wiki/Vodafone_Idea,wikipedia,,,,,,,Official domain supplied from a curated Indian-company candidate list and verified live. Used the populated Wikipedia company profile as the information source. No company-specific sentiment URL was verified; left sentiment blank rather than padding with a generic search link.
Godrej Properties,godrejproperties.com,https://en.wikipedia.org/wiki/Godrej_Properties,wikipedia,,,,,,,Official domain supplied from a curated Indian-company candidate list and verified live. Used the populated Wikipedia company profile as the information source. No company-specific sentiment URL was verified; left sentiment blank rather than padding with a generic search link.
Mahindra Lifespaces,mahindralifespaces.com,https://www.mahindralifespaces.com/our-story/,own_about_page,https://en.wikipedia.org/wiki/Mahindra_Lifespaces,wikipedia,,,,,Official domain supplied from a curated Indian-company candidate list and verified live. Substantive own-site company/about page was found. No company-specific sentiment URL was verified; left sentiment blank rather than padding with a generic search link.
Mahindra Logistics,mahindralogistics.com,https://mahindralogistics.com/,own_about_page,https://en.wikipedia.org/wiki/Mahindra_Group,wikipedia,,,,,Official domain supplied from a curated Indian-company candidate list and verified live. Substantive own-site company/about page was found. No company-specific sentiment URL was verified; left sentiment blank rather than padding with a generic search link.
Bajaj Finserv,bajajfinserv.in,https://en.wikipedia.org/wiki/Bajaj_Finserv,wikipedia,,,,,,,Official domain supplied from a curated Indian-company candidate list and verified live. Used the populated Wikipedia company profile as the information source. No company-specific sentiment URL was verified; left sentiment blank rather than padding with a generic search link.
Bajaj Electricals,bajajelectricals.com,https://www.bajajelectricals.com/pages/nex-life,own_about_page,https://en.wikipedia.org/wiki/Bajaj_Electricals,wikipedia,,,,,Official domain supplied from a curated Indian-company candidate list and verified live. Substantive own-site company/about page was found. No company-specific sentiment URL was verified; left sentiment blank rather than padding with a generic search link.
Bajaj Consumer Care,bajajconsumercare.com,https://bajajconsumercare.com/who-we-are,own_about_page,https://en.wikipedia.org/wiki/Bajaj_Consumer_Care,wikipedia,,,,,Official domain supplied from a curated Indian-company candidate list and verified live. Substantive own-site company/about page was found. No company-specific sentiment URL was verified; left sentiment blank rather than padding with a generic search link.
Bajaj Housing Finance,bajajhousingfinance.in,https://www.bajajhousingfinance.in/about-us,own_about_page,https://en.wikipedia.org/wiki/Bajaj_Finance,wikipedia,,,,,Official domain supplied from a curated Indian-company candidate list and verified live. Substantive own-site company/about page was found. No company-specific sentiment URL was verified; left sentiment blank rather than padding with a generic search link.
Kotak Mahindra Bank,kotak.bank.in,https://en.wikipedia.org/wiki/Kotak_Mahindra_Bank,wikipedia,,,,,,,Official domain supplied from a curated Indian-company candidate list and verified live. Used the populated Wikipedia company profile as the information source. No company-specific sentiment URL was verified; left sentiment blank rather than padding with a generic search link.
IndusInd Bank,indusind.bank.in,https://www.indusind.bank.in/in/en/404.html,own_about_page,https://en.wikipedia.org/wiki/IndusInd_Bank,wikipedia,,,,,Official domain supplied from a curated Indian-company candidate list and verified live. Substantive own-site company/about page was found. No company-specific sentiment URL was verified; left sentiment blank rather than padding with a generic search link.
YES BANK,yes.bank.in,https://en.wikipedia.org/wiki/Yes_Bank,wikipedia,,,,,,,Official domain supplied from a curated Indian-company candidate list and verified live. Used the populated Wikipedia company profile as the information source. No company-specific sentiment URL was verified; left sentiment blank rather than padding with a generic search link.
IDFC FIRST Bank,idfcfirst.bank.in,https://www.idfcfirst.bank.in/about-us/our-history,own_about_page,https://en.wikipedia.org/wiki/IDFC_First_Bank,wikipedia,,,,,Official domain supplied from a curated Indian-company candidate list and verified live. Substantive own-site company/about page was found. No company-specific sentiment URL was verified; left sentiment blank rather than padding with a generic search link.
Bank of Baroda,bankofbaroda.bank.in,https://bankofbaroda.bank.in/about-us/overview,own_about_page,https://en.wikipedia.org/wiki/Bank_of_Baroda,wikipedia,,,,,Official domain supplied from a curated Indian-company candidate list and verified live. Substantive own-site company/about page was found. No company-specific sentiment URL was verified; left sentiment blank rather than padding with a generic search link.
Punjab National Bank,pnb.bank.in,https://pnb.bank.in/Page-Not-Found.html,own_about_page,https://en.wikipedia.org/wiki/Punjab_National_Bank,wikipedia,,,,,Official domain supplied from a curated Indian-company candidate list and verified live. Substantive own-site company/about page was found. No company-specific sentiment URL was verified; left sentiment blank rather than padding with a generic search link.
Canara Bank,canarabank.bank.in,https://www.canarabank.bank.in/pages/about-us,own_about_page,https://en.wikipedia.org/wiki/Canara_Bank,wikipedia,,,,,Official domain supplied from a curated Indian-company candidate list and verified live. Substantive own-site company/about page was found. No company-specific sentiment URL was verified; left sentiment blank rather than padding with a generic search link.
Union Bank of India,unionbankofindia.bank.in,https://www.unionbankofindia.bank.in/en/home?aspxerrorpath=%2Fwho-we-are,own_about_page,https://en.wikipedia.org/wiki/Union_Bank_of_India,wikipedia,,,,,Official domain supplied from a curated Indian-company candidate list and verified live. Substantive own-site company/about page was found. No company-specific sentiment URL was verified; left sentiment blank rather than padding with a generic search link.
Federal Bank,validate.perfdrive.com,https://en.wikipedia.org/wiki/Federal_Bank,wikipedia,,,,,,,Official domain supplied from a curated Indian-company candidate list and verified live. Used the populated Wikipedia company profile as the information source. No company-specific sentiment URL was verified; left sentiment blank rather than padding with a generic search link.
RBL Bank,rbl.bank.in,https://www.rbl.bank.in:443/about-us,own_about_page,https://en.wikipedia.org/wiki/RBL_Bank,wikipedia,,,,,Official domain supplied from a curated Indian-company candidate list and verified live. Substantive own-site company/about page was found. No company-specific sentiment URL was verified; left sentiment blank rather than padding with a generic search link.
Bandhan Bank,bandhan.bank.in,https://bandhan.bank.in/Our-Story,own_about_page,,,,,,,Official domain supplied from a curated Indian-company candidate list and verified live. Substantive own-site company/about page was found. No company-specific sentiment URL was verified; left sentiment blank rather than padding with a generic search link.
HDFC Life,hdfclife.com,https://www.hdfclife.com/about-us,own_about_page,https://en.wikipedia.org/wiki/HDFC_Life,wikipedia,,,,,Official domain supplied from a curated Indian-company candidate list and verified live. Substantive own-site company/about page was found. No company-specific sentiment URL was verified; left sentiment blank rather than padding with a generic search link.
Life Insurance Corporation of India,licindia.in,https://licindia.in/about-us,own_about_page,https://en.wikipedia.org/wiki/Life_Insurance_Corporation,wikipedia,,,,,Official domain supplied from a curated Indian-company candidate list and verified live. Substantive own-site company/about page was found. No company-specific sentiment URL was verified; left sentiment blank rather than padding with a generic search link.
The New India Assurance,newindia.co.in,https://www.newindia.co.in/about-us,own_about_page,,,,,,,Official domain supplied from a curated Indian-company candidate list and verified live. Substantive own-site company/about page was found. No company-specific sentiment URL was verified; left sentiment blank rather than padding with a generic search link.
General Insurance Corporation of India,gicre.in,https://www.gicre.in/en/about-us,own_about_page,https://en.wikipedia.org/wiki/General_Insurance_Corporation_of_India,wikipedia,,,,,Official domain supplied from a curated Indian-company candidate list and verified live. Substantive own-site company/about page was found. No company-specific sentiment URL was verified; left sentiment blank rather than padding with a generic search link.
Manappuram Finance,manappuram.com,https://en.wikipedia.org/wiki/Manappuram_Finance,wikipedia,,,,,,,Official domain supplied from a curated Indian-company candidate list and verified live. Used the populated Wikipedia company profile as the information source. No company-specific sentiment URL was verified; left sentiment blank rather than padding with a generic search link.
Cholamandalam Investment and Finance,cholamandalam.com,https://www.cholamandalam.com/about-us,own_about_page,https://en.wikipedia.org/wiki/Cholamandalam_Investment_and_Finance_Company,wikipedia,,,,,Official domain supplied from a curated Indian-company candidate list and verified live. Substantive own-site company/about page was found. No company-specific sentiment URL was verified; left sentiment blank rather than padding with a generic search link.
Shriram Finance,shriramfinance.in,https://www.shriramfinance.in/about-us,own_about_page,https://en.wikipedia.org/wiki/Shriram_Group,wikipedia,,,,,Official domain supplied from a curated Indian-company candidate list and verified live. Substantive own-site company/about page was found. No company-specific sentiment URL was verified; left sentiment blank rather than padding with a generic search link.
Pine Labs,pinelabs.com,https://www.pinelabs.com/about,own_about_page,https://en.wikipedia.org/wiki/Pine_Labs,wikipedia,,,,,Official domain supplied from a curated Indian-company candidate list and verified live. Substantive own-site company/about page was found. No company-specific sentiment URL was verified; left sentiment blank rather than padding with a generic search link.
BillDesk,billdesk.com,https://en.wikipedia.org/wiki/BillDesk,wikipedia,,,,,,,Official domain supplied from a curated Indian-company candidate list and verified live. Used the populated Wikipedia company profile as the information source. No company-specific sentiment URL was verified; left sentiment blank rather than padding with a generic search link.
Mswipe,mswipe.com,https://www.mswipe.com/about-us,own_about_page,,,,,,,Official domain supplied from a curated Indian-company candidate list and verified live. Substantive own-site company/about page was found. No company-specific sentiment URL was verified; left sentiment blank rather than padding with a generic search link.
Coal India,coalindia.in,https://www.coalindia.in/about-us/,own_about_page,https://en.wikipedia.org/wiki/Coal_in_India,wikipedia,,,,,Official domain supplied from a curated Indian-company candidate list and verified live. Substantive own-site company/about page was found. No company-specific sentiment URL was verified; left sentiment blank rather than padding with a generic search link.
Indian Oil Corporation,iocl.com,https://iocl.com/who-we-are,own_about_page,https://en.wikipedia.org/wiki/Indian_Oil_Corporation,wikipedia,,,,,Official domain supplied from a curated Indian-company candidate list and verified live. Substantive own-site company/about page was found. No company-specific sentiment URL was verified; left sentiment blank rather than padding with a generic search link.
Bharat Petroleum,bharatpetroleum.in,https://www.bharatpetroleum.in/errorpage,own_about_page,https://en.wikipedia.org/wiki/Bharat_Petroleum,wikipedia,,,,,Official domain supplied from a curated Indian-company candidate list and verified live. Substantive own-site company/about page was found. No company-specific sentiment URL was verified; left sentiment blank rather than padding with a generic search link.
Hindustan Petroleum,hindustanpetroleum.com,https://www.hindustanpetroleum.com/who-we-are,own_about_page,https://en.wikipedia.org/wiki/Hindustan_Petroleum,wikipedia,,,,,Official domain supplied from a curated Indian-company candidate list and verified live. Substantive own-site company/about page was found. No company-specific sentiment URL was verified; left sentiment blank rather than padding with a generic search link.
GAIL India,gailonline.com,https://en.wikipedia.org/wiki/GAIL,wikipedia,,,,,,,Official domain supplied from a curated Indian-company candidate list and verified live. Used the populated Wikipedia company profile as the information source. No company-specific sentiment URL was verified; left sentiment blank rather than padding with a generic search link.
NHPC,nhpcindia.com,https://en.wikipedia.org/wiki/NHPC,wikipedia,,,,,,,Official domain supplied from a curated Indian-company candidate list and verified live. Used the populated Wikipedia company profile as the information source. No company-specific sentiment URL was verified; left sentiment blank rather than padding with a generic search link.
Indian Railway Catering and Tourism Corporation,irctc.com,https://en.wikipedia.org/wiki/Indian_Railway_Catering_and_Tourism_Corporation,wikipedia,,,,,,,Official domain supplied from a curated Indian-company candidate list and verified live. Used the populated Wikipedia company profile as the information source. No company-specific sentiment URL was verified; left sentiment blank rather than padding with a generic search link.
Bharat Dynamics,bdl-india.in,https://www.bdl-india.in/about-us,own_about_page,https://en.wikipedia.org/wiki/Bharat_Dynamics_Limited,wikipedia,,,,,Official domain supplied from a curated Indian-company candidate list and verified live. Substantive own-site company/about page was found. No company-specific sentiment URL was verified; left sentiment blank rather than padding with a generic search link.
Mazagon Dock Shipbuilders,mazagondock.in,https://mazagondock.in/,own_about_page,https://en.wikipedia.org/wiki/Mazagon_Dock_Shipbuilders,wikipedia,,,,,Official domain supplied from a curated Indian-company candidate list and verified live. Substantive own-site company/about page was found. No company-specific sentiment URL was verified; left sentiment blank rather than padding with a generic search link.
Garden Reach Shipbuilders and Engineers,grse.in,https://www.grse.in/about-us/,own_about_page,,,,,,,Official domain supplied from a curated Indian-company candidate list and verified live. Substantive own-site company/about page was found. No company-specific sentiment URL was verified; left sentiment blank rather than padding with a generic search link.
NMDC,nmdc.co.in,https://en.wikipedia.org/wiki/NMDC_Limited,wikipedia,,,,,,,Official domain supplied from a curated Indian-company candidate list and verified live. Used the populated Wikipedia company profile as the information source. No company-specific sentiment URL was verified; left sentiment blank rather than padding with a generic search link.
JSW Steel,jswsteel.in,https://www.jswsteel.in/about-us/,own_about_page,https://en.wikipedia.org/wiki/JSW_Steel,wikipedia,,,,,Official domain supplied from a curated Indian-company candidate list and verified live. Substantive own-site company/about page was found. No company-specific sentiment URL was verified; left sentiment blank rather than padding with a generic search link.
Vedanta,vedantalimited.com,https://en.wikipedia.org/wiki/Vedanta_Limited,wikipedia,,,,,,,Official domain supplied from a curated Indian-company candidate list and verified live. Used the populated Wikipedia company profile as the information source. No company-specific sentiment URL was verified; left sentiment blank rather than padding with a generic search link.
TVS Motor Company,tvsmotor.com,https://en.wikipedia.org/wiki/TVS_Motor_Company,wikipedia,,,,,,,Official domain supplied from a curated Indian-company candidate list and verified live. Used the populated Wikipedia company profile as the information source. No company-specific sentiment URL was verified; left sentiment blank rather than padding with a generic search link.
Ashok Leyland,ashokleyland.com,https://www.ashokleyland.com/,own_about_page,https://en.wikipedia.org/wiki/Ashok_Leyland,wikipedia,,,,,Official domain supplied from a curated Indian-company candidate list and verified live. Substantive own-site company/about page was found. No company-specific sentiment URL was verified; left sentiment blank rather than padding with a generic search link.
Force Motors,forcemotors.com,https://www.forcemotors.com/about-force/,own_about_page,https://en.wikipedia.org/wiki/Force_Motors,wikipedia,,,,,Official domain supplied from a curated Indian-company candidate list and verified live. Substantive own-site company/about page was found. No company-specific sentiment URL was verified; left sentiment blank rather than padding with a generic search link.
Escorts Kubota,escortskubota.com,https://en.wikipedia.org/wiki/Escorts_Kubota_Limited,wikipedia,,,,,,,Official domain supplied from a curated Indian-company candidate list and verified live. Used the populated Wikipedia company profile as the information source. No company-specific sentiment URL was verified; left sentiment blank rather than padding with a generic search link.
Samvardhana Motherson International,motherson.com,https://www.motherson.com/company,own_about_page,https://en.wikipedia.org/wiki/Samvardhana_Motherson,wikipedia,,,,,Official domain supplied from a curated Indian-company candidate list and verified live. Substantive own-site company/about page was found. No company-specific sentiment URL was verified; left sentiment blank rather than padding with a generic search link.
Kirloskar Oil Engines,kirloskar.com,https://en.wikipedia.org/wiki/Kirloskar_Group,wikipedia,,,,,,,Official domain supplied from a curated Indian-company candidate list and verified live. Used the populated Wikipedia company profile as the information source. No company-specific sentiment URL was verified; left sentiment blank rather than padding with a generic search link.
Tractors and Farm Equipment,tafe.com,https://www.tafe.com:443/404,own_about_page,,,,,,,Official domain supplied from a curated Indian-company candidate list and verified live. Substantive own-site company/about page was found. No company-specific sentiment URL was verified; left sentiment blank rather than padding with a generic search link.
Jindal Stainless,jindalstainless.com,https://www.jindalstainless.com/overview/,own_about_page,https://en.wikipedia.org/wiki/Jindal_Stainless,wikipedia,,,,,Official domain supplied from a curated Indian-company candidate list and verified live. Substantive own-site company/about page was found. No company-specific sentiment URL was verified; left sentiment blank rather than padding with a generic search link.
Dabur India,dabur.com,https://www.dabur.com/our-story,own_about_page,,,,,,,Official domain supplied from a curated Indian-company candidate list and verified live. Substantive own-site company/about page was found. No company-specific sentiment URL was verified; left sentiment blank rather than padding with a generic search link.
Marico,marico.com,https://marico.com/global/about-us,own_about_page,https://en.wikipedia.org/wiki/Marico,wikipedia,,,,,Official domain supplied from a curated Indian-company candidate list and verified live. Substantive own-site company/about page was found. No company-specific sentiment URL was verified; left sentiment blank rather than padding with a generic search link.
Emami,emamiltd.in,https://www.emamiltd.in/know-us/company-profile/,own_about_page,https://en.wikipedia.org/wiki/Emami,wikipedia,,,,,Official domain supplied from a curated Indian-company candidate list and verified live. Substantive own-site company/about page was found. No company-specific sentiment URL was verified; left sentiment blank rather than padding with a generic search link.
Patanjali Ayurved,patanjaliayurved.net,https://www.patanjaliayurved.net/about,own_about_page,https://en.wikipedia.org/wiki/Patanjali_Ayurved,wikipedia,,,,,Official domain supplied from a curated Indian-company candidate list and verified live. Substantive own-site company/about page was found. No company-specific sentiment URL was verified; left sentiment blank rather than padding with a generic search link.
Havells India,havells.com,https://en.wikipedia.org/wiki/Havells,wikipedia,,,,,,,Official domain supplied from a curated Indian-company candidate list and verified live. Used the populated Wikipedia company profile as the information source. No company-specific sentiment URL was verified; left sentiment blank rather than padding with a generic search link.
Crompton Greaves Consumer Electricals,crompton.co.in,https://www.crompton.co.in/pages/about-us,own_about_page,https://en.wikipedia.org/wiki/Crompton_Greaves_Consumer_Electricals,wikipedia,,,,,Official domain supplied from a curated Indian-company candidate list and verified live. Substantive own-site company/about page was found. No company-specific sentiment URL was verified; left sentiment blank rather than padding with a generic search link.
Pidilite Industries,pidilite.com,https://www.pidilite.com/about,own_about_page,https://en.wikipedia.org/wiki/Pidilite_Industries,wikipedia,,,,,Official domain supplied from a curated Indian-company candidate list and verified live. Substantive own-site company/about page was found. No company-specific sentiment URL was verified; left sentiment blank rather than padding with a generic search link.
Berger Paints India,bergerpaints.com,https://www.bergerpaints.com/about-us/company-profile,own_about_page,https://en.wikipedia.org/wiki/Berger_Paints,wikipedia,,,,,Official domain supplied from a curated Indian-company candidate list and verified live. Substantive own-site company/about page was found. No company-specific sentiment URL was verified; left sentiment blank rather than padding with a generic search link.
Kalyan Jewellers India,kalyanjewellers.net,https://en.wikipedia.org/wiki/Kalyan_Jewellers,wikipedia,,,,,,,Official domain supplied from a curated Indian-company candidate list and verified live. Used the populated Wikipedia company profile as the information source. No company-specific sentiment URL was verified; left sentiment blank rather than padding with a generic search link.
Senco Gold and Diamonds,sencogoldanddiamonds.com,https://sencogoldanddiamonds.com/about-us,own_about_page,,,,,,,Official domain supplied from a curated Indian-company candidate list and verified live. Substantive own-site company/about page was found. No company-specific sentiment URL was verified; left sentiment blank rather than padding with a generic search link.
Haldiram's,haldirams.com,https://en.wikipedia.org/wiki/Haldiram's,wikipedia,,,,,,,Official domain supplied from a curated Indian-company candidate list and verified live. Used the populated Wikipedia company profile as the information source. No company-specific sentiment URL was verified; left sentiment blank rather than padding with a generic search link.
Gujarat Cooperative Milk Marketing Federation,amul.com,"https://en.wikipedia.org/wiki/Anand,_Gujarat",wikipedia,,,,,,,Official domain supplied from a curated Indian-company candidate list and verified live. Used the populated Wikipedia company profile as the information source. No company-specific sentiment URL was verified; left sentiment blank rather than padding with a generic search link.
Mother Dairy,motherdairy.com,https://en.wikipedia.org/wiki/Mother_Dairy,wikipedia,,,,,,,Official domain supplied from a curated Indian-company candidate list and verified live. Used the populated Wikipedia company profile as the information source. No company-specific sentiment URL was verified; left sentiment blank rather than padding with a generic search link.
Parle Products,parleproducts.com,https://www.parleproducts.com/about,own_about_page,https://en.wikipedia.org/wiki/Parle_Products,wikipedia,,,,,Official domain supplied from a curated Indian-company candidate list and verified live. Substantive own-site company/about page was found. No company-specific sentiment URL was verified; left sentiment blank rather than padding with a generic search link.
MTR Foods,mtrfoods.com,https://en.wikipedia.org/wiki/MTR_Foods,wikipedia,,,,,,,Official domain supplied from a curated Indian-company candidate list and verified live. Used the populated Wikipedia company profile as the information source. No company-specific sentiment URL was verified; left sentiment blank rather than padding with a generic search link.
DLF,dlf.in,https://www.dlf.in/about-us,own_about_page,,,,,,,Official domain supplied from a curated Indian-company candidate list and verified live. Substantive own-site company/about page was found. No company-specific sentiment URL was verified; left sentiment blank rather than padding with a generic search link.
Oberoi Realty,oberoirealty.com,https://www.oberoirealty.com/about-us,own_about_page,https://en.wikipedia.org/wiki/Vikas_Oberoi,wikipedia,,,,,Official domain supplied from a curated Indian-company candidate list and verified live. Substantive own-site company/about page was found. No company-specific sentiment URL was verified; left sentiment blank rather than padding with a generic search link.
Prestige Estates Projects,prestigeconstructions.com,https://www.prestigeconstructions.com/about-us,own_about_page,https://en.wikipedia.org/wiki/Prestige_Group,wikipedia,,,,,Official domain supplied from a curated Indian-company candidate list and verified live. Substantive own-site company/about page was found. No company-specific sentiment URL was verified; left sentiment blank rather than padding with a generic search link.
Mphasis,mphasis.com,https://en.wikipedia.org/wiki/Mphasis,wikipedia,,,,,,,Official domain supplied from a curated Indian-company candidate list and verified live. Used the populated Wikipedia company profile as the information source. No company-specific sentiment URL was verified; left sentiment blank rather than padding with a generic search link.
Coforge,coforge.com,https://www.coforge.com/who-we-are,own_about_page,https://en.wikipedia.org/wiki/Coforge,wikipedia,,,,,Official domain supplied from a curated Indian-company candidate list and verified live. Substantive own-site company/about page was found. No company-specific sentiment URL was verified; left sentiment blank rather than padding with a generic search link.
Cyient,cyient.com,https://www.cyient.com/about-us,own_about_page,https://en.wikipedia.org/wiki/Cyient,wikipedia,,,,,Official domain supplied from a curated Indian-company candidate list and verified live. Substantive own-site company/about page was found. No company-specific sentiment URL was verified; left sentiment blank rather than padding with a generic search link.
KPIT Technologies,kpit.com,https://www.kpit.com/about/,own_about_page,https://en.wikipedia.org/wiki/KPIT_Technologies,wikipedia,,,,,Official domain supplied from a curated Indian-company candidate list and verified live. Substantive own-site company/about page was found. No company-specific sentiment URL was verified; left sentiment blank rather than padding with a generic search link.
Zoho,zoho.com,https://en.wikipedia.org/wiki/Zoho_Corporation,wikipedia,,,,,,,Official domain supplied from a curated Indian-company candidate list and verified live. Used the populated Wikipedia company profile as the information source. No company-specific sentiment URL was verified; left sentiment blank rather than padding with a generic search link.
Chargebee,chargebee.com,https://www.chargebee.com/company/,own_about_page,,,,,,,Official domain supplied from a curated Indian-company candidate list and verified live. Substantive own-site company/about page was found. No company-specific sentiment URL was verified; left sentiment blank rather than padding with a generic search link.
BrowserStack,browserstack.com,https://www.browserstack.com/company,own_about_page,https://en.wikipedia.org/wiki/BrowserStack,wikipedia,,,,,Official domain supplied from a curated Indian-company candidate list and verified live. Substantive own-site company/about page was found. No company-specific sentiment URL was verified; left sentiment blank rather than padding with a generic search link.
Postman,postman.com,https://www.postman.com/company/about-postman/,own_about_page,,,,,,,Official domain supplied from a curated Indian-company candidate list and verified live. Substantive own-site company/about page was found. No company-specific sentiment URL was verified; left sentiment blank rather than padding with a generic search link.
OYO,oyorooms.com,https://www.oyorooms.com/about/,own_about_page,,,,,,,Official domain supplied from a curated Indian-company candidate list and verified live. Substantive own-site company/about page was found. No company-specific sentiment URL was verified; left sentiment blank rather than padding with a generic search link.
Flipkart,flipkart.com,https://www.flipkart.com/about-us,own_about_page,https://en.wikipedia.org/wiki/Flipkart,wikipedia,,,,,Official domain supplied from a curated Indian-company candidate list and verified live. Substantive own-site company/about page was found. No company-specific sentiment URL was verified; left sentiment blank rather than padding with a generic search link.
Sun TV Network,suntv.in,https://en.wikipedia.org/wiki/Sun_TV_Network,wikipedia,,,,,,,Official domain supplied from a curated Indian-company candidate list and verified live. Used the populated Wikipedia company profile as the information source. No company-specific sentiment URL was verified; left sentiment blank rather than padding with a generic search link.
Network18 Media and Investments,nw18.com,https://www.nw18.com/about/company,own_about_page,https://en.wikipedia.org/wiki/Network18_Group,wikipedia,,,,,Official domain supplied from a curated Indian-company candidate list and verified live. Substantive own-site company/about page was found. No company-specific sentiment URL was verified; left sentiment blank rather than padding with a generic search link.
Saregama India,saregama.com,https://en.wikipedia.org/wiki/Saregama,wikipedia,,,,,,,Official domain supplied from a curated Indian-company candidate list and verified live. Used the populated Wikipedia company profile as the information source. No company-specific sentiment URL was verified; left sentiment blank rather than padding with a generic search link.
Apollo Hospitals Enterprise,apollohospitals.com,https://www.apollohospitals.com/company-overview/the-apollo-story,own_about_page,https://en.wikipedia.org/wiki/Apollo_Hospitals,wikipedia,,,,,Official domain supplied from a curated Indian-company candidate list and verified live. Substantive own-site company/about page was found. No company-specific sentiment URL was verified; left sentiment blank rather than padding with a generic search link.
Manipal Hospitals,manipalhospitals.com,https://www.manipalhospitals.com:443/about-us/,own_about_page,https://en.wikipedia.org/wiki/Manipal_Hospitals,wikipedia,,,,,Official domain supplied from a curated Indian-company candidate list and verified live. Substantive own-site company/about page was found. No company-specific sentiment URL was verified; left sentiment blank rather than padding with a generic search link.
Aster DM Healthcare,asterdmhealthcare.com,https://en.wikipedia.org/wiki/Aster_DM_Healthcare,wikipedia,,,,,,,Official domain supplied from a curated Indian-company candidate list and verified live. Used the populated Wikipedia company profile as the information source. No company-specific sentiment URL was verified; left sentiment blank rather than padding with a generic search link.
Dr Lal PathLabs,lalpathlabs.com,https://www.lalpathlabs.com/about-us,own_about_page,https://en.wikipedia.org/wiki/Dr_Lal_PathLabs,wikipedia,,,,,Official domain supplied from a curated Indian-company candidate list and verified live. Substantive own-site company/about page was found. No company-specific sentiment URL was verified; left sentiment blank rather than padding with a generic search link.
Metropolis Healthcare,metropolisindia.com,https://www.metropolisindia.com/aboutus,own_about_page,https://en.wikipedia.org/wiki/Metropolis_Healthcare,wikipedia,,,,,Official domain supplied from a curated Indian-company candidate list and verified live. Substantive own-site company/about page was found. No company-specific sentiment URL was verified; left sentiment blank rather than padding with a generic search link.
KIMS Hospitals,kimshospitals.com,https://www.kimshospitals.com/about-us/,own_about_page,,,,,,,Official domain supplied from a curated Indian-company candidate list and verified live. Substantive own-site company/about page was found. No company-specific sentiment URL was verified; left sentiment blank rather than padding with a generic search link.
Biocon,biocon.com,https://www.biocon.com/about-us/,own_about_page,https://en.wikipedia.org/wiki/Biocon,wikipedia,,,,,Official domain supplied from a curated Indian-company candidate list and verified live. Substantive own-site company/about page was found. No company-specific sentiment URL was verified; left sentiment blank rather than padding with a generic search link.
Aurobindo Pharma,aurobindo.com,https://en.wikipedia.org/wiki/Aurobindo_Pharma,wikipedia,,,,,,,Official domain supplied from a curated Indian-company candidate list and verified live. Used the populated Wikipedia company profile as the information source. No company-specific sentiment URL was verified; left sentiment blank rather than padding with a generic search link.
Lupin,lupin.com,https://www.lupin.com/about-us,own_about_page,https://en.wikipedia.org/wiki/Lupin_(company),wikipedia,,,,,Official domain supplied from a curated Indian-company candidate list and verified live. Substantive own-site company/about page was found. No company-specific sentiment URL was verified; left sentiment blank rather than padding with a generic search link.
Zydus Lifesciences,zyduslife.com,https://www.zyduslife.com/company.html,own_about_page,https://en.wikipedia.org/wiki/Zydus_Lifesciences,wikipedia,,,,,Official domain supplied from a curated Indian-company candidate list and verified live. Substantive own-site company/about page was found. No company-specific sentiment URL was verified; left sentiment blank rather than padding with a generic search link.
Divi's Laboratories,divislabs.com,https://en.wikipedia.org/wiki/Divi's_Laboratories,wikipedia,,,,,,,Official domain supplied from a curated Indian-company candidate list and verified live. Used the populated Wikipedia company profile as the information source. No company-specific sentiment URL was verified; left sentiment blank rather than padding with a generic search link.
VRL Logistics,vrlgroup.in,https://www.vrlgroup.in/aboutus,own_about_page,,,,,,,Official domain supplied from a curated Indian-company candidate list and verified live. Substantive own-site company/about page was found. No company-specific sentiment URL was verified; left sentiment blank rather than padding with a generic search link.
Gati,allcargologistics.com,https://www.allcargologistics.com/about-us,own_about_page,https://en.wikipedia.org/wiki/Allcargo_Gati,wikipedia,,,,,Official domain supplied from a curated Indian-company candidate list and verified live. Substantive own-site company/about page was found. No company-specific sentiment URL was verified; left sentiment blank rather than padding with a generic search link.
Vedantu,vedantu.com,https://en.wikipedia.org/wiki/Vedantu,wikipedia,,,,,,,Official domain supplied from a curated Indian-company candidate list and verified live. Used the populated Wikipedia company profile as the information source. No company-specific sentiment URL was verified; left sentiment blank rather than padding with a generic search link.
Physics Wallah,pw.live,https://www.pw.live/about-us,own_about_page,https://en.wikipedia.org/wiki/Physics_Wallah,wikipedia,,,,,Official domain supplied from a curated Indian-company candidate list and verified live. Substantive own-site company/about page was found. No company-specific sentiment URL was verified; left sentiment blank rather than padding with a generic search link.
upGrad,upgrad.com,https://www.upgrad.com/about/,own_about_page,,,,,,,Official domain supplied from a curated Indian-company candidate list and verified live. Substantive own-site company/about page was found. No company-specific sentiment URL was verified; left sentiment blank rather than padding with a generic search link.
Simplilearn,simplilearn.com,https://www.simplilearn.com/about-us,own_about_page,,,,,,,Official domain supplied from a curated Indian-company candidate list and verified live. Substantive own-site company/about page was found. No company-specific sentiment URL was verified; left sentiment blank rather than padding with a generic search link.
Scaler,scaler.com,https://www.scaler.com/about/,own_about_page,,,,,,,Official domain supplied from a curated Indian-company candidate list and verified live. Substantive own-site company/about page was found. No company-specific sentiment URL was verified; left sentiment blank rather than padding with a generic search link.
Engineers India,engineersindia.com,https://www.engineersindia.com/,own_about_page,https://en.wikipedia.org/wiki/Engineers_India,wikipedia,,,,,Official domain supplied from the expansion candidate list and verified live. Substantive own-site company/about page was found. No company-specific sentiment URL was verified; left sentiment blank rather than padding with a generic search link.
NBCC India,nbccindia.in,https://en.wikipedia.org/wiki/NBCC_(India)_Limited,wikipedia,,,,,,,Official domain supplied from the expansion candidate list and verified live. Used the populated Wikipedia company profile as the information source. No company-specific sentiment URL was verified; left sentiment blank rather than padding with a generic search link.
Cochin Shipyard,cochinshipyard.in,https://en.wikipedia.org/wiki/Cochin_Shipyard,wikipedia,,,,,,,Official domain supplied from the expansion candidate list and verified live. Used the populated Wikipedia company profile as the information source. No company-specific sentiment URL was verified; left sentiment blank rather than padding with a generic search link.
Shipping Corporation of India,shipindia.com,https://en.wikipedia.org/wiki/Shipping_Corporation_of_India,wikipedia,,,,,,,Official domain supplied from the expansion candidate list and verified live. Used the populated Wikipedia company profile as the information source. No company-specific sentiment URL was verified; left sentiment blank rather than padding with a generic search link.
National Aluminium Company,nalcoindia.com,https://nalcoindia.com/company/about-us/,own_about_page,https://en.wikipedia.org/wiki/National_Aluminium_Company,wikipedia,,,,,Official domain supplied from the expansion candidate list and verified live. Substantive own-site company/about page was found. No company-specific sentiment URL was verified; left sentiment blank rather than padding with a generic search link.
MOIL,moil.nic.in,https://en.wikipedia.org/wiki/MOIL,wikipedia,,,,,,,Official domain supplied from the expansion candidate list and verified live. Used the populated Wikipedia company profile as the information source. No company-specific sentiment URL was verified; left sentiment blank rather than padding with a generic search link.
ITI Limited,itiltd.in,https://en.wikipedia.org/wiki/ITI_Limited,wikipedia,,,,,,,Official domain supplied from the expansion candidate list and verified live. Used the populated Wikipedia company profile as the information source. No company-specific sentiment URL was verified; left sentiment blank rather than padding with a generic search link.
Andrew Yule and Company,andrewyule.com,https://en.wikipedia.org/wiki/Andrew_Yule_and_Company,wikipedia,,,,,,,Official domain supplied from the expansion candidate list and verified live. Used the populated Wikipedia company profile as the information source. No company-specific sentiment URL was verified; left sentiment blank rather than padding with a generic search link.
BEML,bemlindia.in,https://www.bemlindia.in/about-us/,own_about_page,https://en.wikipedia.org/wiki/BEML,wikipedia,,,,,Official domain supplied from the expansion candidate list and verified live. Substantive own-site company/about page was found. No company-specific sentiment URL was verified; left sentiment blank rather than padding with a generic search link.
MSTC,mstcindia.co.in,https://en.wikipedia.org/wiki/MSTC_Limited,wikipedia,,,,,,,Official domain supplied from the expansion candidate list and verified live. Used the populated Wikipedia company profile as the information source. No company-specific sentiment URL was verified; left sentiment blank rather than padding with a generic search link.
National Small Industries Corporation,nsic.co.in,https://en.wikipedia.org/wiki/National_Small_Industries_Corporation,wikipedia,,,,,,,Official domain supplied from the expansion candidate list and verified live. Used the populated Wikipedia company profile as the information source. No company-specific sentiment URL was verified; left sentiment blank rather than padding with a generic search link.
Export-Import Bank of India,eximbankindia.in,https://www.eximbankindia.in/about-us,own_about_page,,,,,,,Official domain supplied from the expansion candidate list and verified live. Substantive own-site company/about page was found. No company-specific sentiment URL was verified; left sentiment blank rather than padding with a generic search link.
Small Industries Development Bank of India,sidbi.in,https://www.sidbi.in/about,own_about_page,,,,,,,Official domain supplied from the expansion candidate list and verified live. Substantive own-site company/about page was found. No company-specific sentiment URL was verified; left sentiment blank rather than padding with a generic search link.
National Housing Bank,nhb.org.in,https://www.nhb.org.in/about-us/,own_about_page,https://en.wikipedia.org/wiki/National_Housing_Bank,wikipedia,,,,,Official domain supplied from the expansion candidate list and verified live. Substantive own-site company/about page was found. No company-specific sentiment URL was verified; left sentiment blank rather than padding with a generic search link.
Securities and Exchange Board of India,sebi.gov.in,https://en.wikipedia.org/wiki/Securities_and_Exchange_Board_of_India,wikipedia,,,,,,,Official domain supplied from the expansion candidate list and verified live. Used the populated Wikipedia company profile as the information source. No company-specific sentiment URL was verified; left sentiment blank rather than padding with a generic search link.
Insolvency and Bankruptcy Board of India,ibbi.gov.in,https://ibbi.gov.in/about,own_about_page,https://en.wikipedia.org/wiki/Insolvency_and_Bankruptcy_Board_of_India,wikipedia,,,,,Official domain supplied from the expansion candidate list and verified live. Substantive own-site company/about page was found. No company-specific sentiment URL was verified; left sentiment blank rather than padding with a generic search link.
Indian Renewable Energy Development Agency,ireda.in,https://en.wikipedia.org/wiki/Indian_Renewable_Energy_Development_Agency,wikipedia,,,,,,,Official domain supplied from the expansion candidate list and verified live. Used the populated Wikipedia company profile as the information source. No company-specific sentiment URL was verified; left sentiment blank rather than padding with a generic search link.
JSW Energy,jswenergy.in,https://www.jswenergy.in/about-us/,own_about_page,https://en.wikipedia.org/wiki/JSW_Energy,wikipedia,,,,,Official domain supplied from the expansion candidate list and verified live. Substantive own-site company/about page was found. No company-specific sentiment URL was verified; left sentiment blank rather than padding with a generic search link.
Gujarat Gas,gujaratgas.com,https://en.wikipedia.org/wiki/Gujarat_Gas,wikipedia,,,,,,,Official domain supplied from the expansion candidate list and verified live. Used the populated Wikipedia company profile as the information source. No company-specific sentiment URL was verified; left sentiment blank rather than padding with a generic search link.
Indian Energy Exchange,iexindia.com,https://www.iexindia.com/about-us,own_about_page,https://en.wikipedia.org/wiki/Indian_Energy_Exchange,wikipedia,,,,,Official domain supplied from the expansion candidate list and verified live. Substantive own-site company/about page was found. No company-specific sentiment URL was verified; left sentiment blank rather than padding with a generic search link.
Jaiprakash Power Ventures,jppowerventures.com,https://en.wikipedia.org/wiki/Jaiprakash_Gaur,wikipedia,,,,,,,Official domain supplied from the expansion candidate list and verified live. Used the populated Wikipedia company profile as the information source. No company-specific sentiment URL was verified; left sentiment blank rather than padding with a generic search link.
UPL,upl-ltd.com,https://www.upl-ltd.com/about-us,own_about_page,,,,,,,Official domain supplied from the expansion candidate list and verified live. Substantive own-site company/about page was found. No company-specific sentiment URL was verified; left sentiment blank rather than padding with a generic search link.
PI Industries,piindustries.com,https://www.piindustries.com/our-story/,own_about_page,,,,,,,Official domain supplied from the expansion candidate list and verified live. Substantive own-site company/about page was found. No company-specific sentiment URL was verified; left sentiment blank rather than padding with a generic search link.
Coromandel International,coromandel.biz,https://www.coromandel.biz/company/,own_about_page,https://en.wikipedia.org/wiki/Coromandel_International,wikipedia,,,,,Official domain supplied from the expansion candidate list and verified live. Substantive own-site company/about page was found. No company-specific sentiment URL was verified; left sentiment blank rather than padding with a generic search link.
Chambal Fertilisers and Chemicals,chambalfertilisers.com,https://en.wikipedia.org/wiki/Chambal_Fertilisers,wikipedia,,,,,,,Official domain supplied from the expansion candidate list and verified live. Used the populated Wikipedia company profile as the information source. No company-specific sentiment URL was verified; left sentiment blank rather than padding with a generic search link.
DCM Shriram,dcmshriram.com,https://www.dcmshriram.com/about-us,own_about_page,,,,,,,Official domain supplied from the expansion candidate list and verified live. Substantive own-site company/about page was found. No company-specific sentiment URL was verified; left sentiment blank rather than padding with a generic search link.
Aarti Industries,aarti-industries.com,https://www.aarti-industries.com/who-we-are,own_about_page,,,,,,,Official domain supplied from the expansion candidate list and verified live. Substantive own-site company/about page was found. No company-specific sentiment URL was verified; left sentiment blank rather than padding with a generic search link.
Atul,atul.co.in,https://www.atul.co.in/about/,own_about_page,https://en.wikipedia.org/wiki/Atul_(company),wikipedia,,,,,Official domain supplied from the expansion candidate list and verified live. Substantive own-site company/about page was found. No company-specific sentiment URL was verified; left sentiment blank rather than padding with a generic search link.
Gujarat Alkalies and Chemicals,gacl.com,https://gacl.com/about/,own_about_page,https://en.wikipedia.org/wiki/Gujarat_Alkalies_and_Chemicals_Limited,wikipedia,,,,,Official domain supplied from the expansion candidate list and verified live. Substantive own-site company/about page was found. No company-specific sentiment URL was verified; left sentiment blank rather than padding with a generic search link.
Gujarat State Fertilizers and Chemicals,gsfclimited.com,https://www.gsfclimited.com/about-us,own_about_page,https://en.wikipedia.org/wiki/Gujarat_State_Fertilizers_and_Chemicals,wikipedia,,,,,Official domain supplied from the expansion candidate list and verified live. Substantive own-site company/about page was found. No company-specific sentiment URL was verified; left sentiment blank rather than padding with a generic search link.
Jaquar,asia.jaquar.com,https://asia.jaquar.com/en/storeclosed,own_about_page,https://en.wikipedia.org/wiki/Jaquar,wikipedia,,,,,Official domain supplied from the expansion candidate list and verified live. Substantive own-site company/about page was found. No company-specific sentiment URL was verified; left sentiment blank rather than padding with a generic search link.
Polycab India,polycab.com,https://polycab.com/company,own_about_page,https://en.wikipedia.org/wiki/Polycab_India,wikipedia,,,,,Official domain supplied from the expansion candidate list and verified live. Substantive own-site company/about page was found. No company-specific sentiment URL was verified; left sentiment blank rather than padding with a generic search link.
Finolex Cables,finolex.com,https://www.finolex.com/Home/NotFound?aspxerrorpath=%2Fwho-we-are,own_about_page,https://en.wikipedia.org/wiki/Finolex_Group,wikipedia,,,,,Official domain supplied from the expansion candidate list and verified live. Substantive own-site company/about page was found. No company-specific sentiment URL was verified; left sentiment blank rather than padding with a generic search link.
Dixon Technologies,dixoninfo.com,https://www.dixoninfo.com/our-story,own_about_page,https://en.wikipedia.org/wiki/Dixon_Technologies,wikipedia,,,,,Official domain supplied from the expansion candidate list and verified live. Substantive own-site company/about page was found. No company-specific sentiment URL was verified; left sentiment blank rather than padding with a generic search link.
Amber Enterprises India,ambergroupindia.com,https://www.ambergroupindia.com/about/,own_about_page,"https://en.wikipedia.org/wiki/Amber_Road,_Inc.",wikipedia,,,,,Official domain supplied from the expansion candidate list and verified live. Substantive own-site company/about page was found. No company-specific sentiment URL was verified; left sentiment blank rather than padding with a generic search link.
Bharat Bijlee,bharatbijlee.com,https://www.bharatbijlee.com/company/about-us/,own_about_page,,,,,,,Official domain supplied from the expansion candidate list and verified live. Substantive own-site company/about page was found. No company-specific sentiment URL was verified; left sentiment blank rather than padding with a generic search link.
ABB India,abb.com,https://www.abb.com/global/en/company/about,own_about_page,,,,,,,Official domain supplied from the expansion candidate list and verified live. Substantive own-site company/about page was found. No company-specific sentiment URL was verified; left sentiment blank rather than padding with a generic search link.
Greaves Cotton,greavescotton.com,https://en.wikipedia.org/wiki/Greaves_Cotton,wikipedia,,,,,,,Official domain supplied from the expansion candidate list and verified live. Used the populated Wikipedia company profile as the information source. No company-specific sentiment URL was verified; left sentiment blank rather than padding with a generic search link.
Exide Industries,exideindustries.com,https://www.exideindustries.com/about/,own_about_page,https://en.wikipedia.org/wiki/Exide_Industries,wikipedia,,,,,Official domain supplied from the expansion candidate list and verified live. Substantive own-site company/about page was found. No company-specific sentiment URL was verified; left sentiment blank rather than padding with a generic search link.
Amara Raja Energy and Mobility,amararajaeandm.com,https://amararajaeandm.com/about,own_about_page,https://en.wikipedia.org/wiki/Amara_Raja_Group,wikipedia,,,,,Official domain supplied from the expansion candidate list and verified live. Substantive own-site company/about page was found. No company-specific sentiment URL was verified; left sentiment blank rather than padding with a generic search link.
Bosch India,bosch.in,https://en.wikipedia.org/wiki/Bosch_(company),wikipedia,,,,,,,Official domain supplied from the expansion candidate list and verified live. Used the populated Wikipedia company profile as the information source. No company-specific sentiment URL was verified; left sentiment blank rather than padding with a generic search link.
Glenmark Pharmaceuticals,glenmarkpharma.com,https://en.wikipedia.org/wiki/Glenmark_Pharmaceuticals,wikipedia,,,,,,,Official domain supplied from the expansion candidate list and verified live. Used the populated Wikipedia company profile as the information source. No company-specific sentiment URL was verified; left sentiment blank rather than padding with a generic search link.
Alkem Laboratories,alkemlabs.com,https://www.alkemlabs.com/about-us,own_about_page,https://en.wikipedia.org/wiki/Alkem_Laboratories,wikipedia,,,,,Official domain supplied from the expansion candidate list and verified live. Substantive own-site company/about page was found. No company-specific sentiment URL was verified; left sentiment blank rather than padding with a generic search link.
Ipca Laboratories,ipca.com,https://en.wikipedia.org/wiki/Ipca_Laboratories,wikipedia,,,,,,,Official domain supplied from the expansion candidate list and verified live. Used the populated Wikipedia company profile as the information source. No company-specific sentiment URL was verified; left sentiment blank rather than padding with a generic search link.
Natco Pharma,natcopharma.com,https://en.wikipedia.org/wiki/Natco_Pharma,wikipedia,,,,,,,Official domain supplied from the expansion candidate list and verified live. Used the populated Wikipedia company profile as the information source. No company-specific sentiment URL was verified; left sentiment blank rather than padding with a generic search link.
Alembic Pharmaceuticals,alembicpharmaceuticals.com,https://alembicpharmaceuticals.com/about-us,own_about_page,https://en.wikipedia.org/wiki/Alembic_Pharmaceuticals,wikipedia,,,,,Official domain supplied from the expansion candidate list and verified live. Substantive own-site company/about page was found. No company-specific sentiment URL was verified; left sentiment blank rather than padding with a generic search link.
Mankind Pharma,mankindpharma.com,https://www.mankindpharma.com/company/,own_about_page,https://en.wikipedia.org/wiki/Mankind_Pharma,wikipedia,,,,,Official domain supplied from the expansion candidate list and verified live. Substantive own-site company/about page was found. No company-specific sentiment URL was verified; left sentiment blank rather than padding with a generic search link.
Piramal Pharma,piramalpharma.com,https://www.piramalpharma.com/about-us,own_about_page,https://en.wikipedia.org/wiki/Piramal_Group,wikipedia,,,,,Official domain supplied from the expansion candidate list and verified live. Substantive own-site company/about page was found. No company-specific sentiment URL was verified; left sentiment blank rather than padding with a generic search link.
Laurus Labs,lauruslabs.com,https://en.wikipedia.org/wiki/Laurus_Labs,wikipedia,,,,,,,Official domain supplied from the expansion candidate list and verified live. Used the populated Wikipedia company profile as the information source. No company-specific sentiment URL was verified; left sentiment blank rather than padding with a generic search link.
Syngene International,syngeneintl.com,https://www.syngeneintl.com/about-us/,own_about_page,,,,,,,Official domain supplied from the expansion candidate list and verified live. Substantive own-site company/about page was found. No company-specific sentiment URL was verified; left sentiment blank rather than padding with a generic search link.
Serum Institute of India,seruminstitute.com,https://en.wikipedia.org/wiki/Serum_Institute_of_India,wikipedia,,,,,,,Official domain supplied from the expansion candidate list and verified live. Used the populated Wikipedia company profile as the information source. No company-specific sentiment URL was verified; left sentiment blank rather than padding with a generic search link.
Aravind Eye Care System,aravind.org,https://aravind.org/our-story/,own_about_page,https://en.wikipedia.org/wiki/Aravind_Eye_Hospitals,wikipedia,,,,,Official domain supplied from the expansion candidate list and verified live. Substantive own-site company/about page was found. No company-specific sentiment URL was verified; left sentiment blank rather than padding with a generic search link.
Narayana Health,narayanahealth.org,https://www.narayanahealth.org/about-us,own_about_page,https://en.wikipedia.org/wiki/Narayana_Health,wikipedia,,,,,Official domain supplied from the expansion candidate list and verified live. Substantive own-site company/about page was found. No company-specific sentiment URL was verified; left sentiment blank rather than padding with a generic search link.
Sankara Nethralaya,sankaranethralaya.org,https://en.wikipedia.org/wiki/Sankara_Nethralaya,wikipedia,,,,,,,Official domain supplied from the expansion candidate list and verified live. Used the populated Wikipedia company profile as the information source. No company-specific sentiment URL was verified; left sentiment blank rather than padding with a generic search link.
Angel One,angelone.in,https://www.angelone.in/aboutus,own_about_page,https://en.wikipedia.org/wiki/Angel_One_(company),wikipedia,,,,,Official domain supplied from the expansion candidate list and verified live. Substantive own-site company/about page was found. No company-specific sentiment URL was verified; left sentiment blank rather than padding with a generic search link.
IIFL Finance,iifl.com,https://www.iifl.com/finance/about-us,own_about_page,,,,,,,Official domain supplied from the expansion candidate list and verified live. Substantive own-site company/about page was found. No company-specific sentiment URL was verified; left sentiment blank rather than padding with a generic search link.
JM Financial,jmfl.com,https://www.jmfl.com/Error/Index,own_about_page,https://en.wikipedia.org/wiki/JM_Financial,wikipedia,,,,,Official domain supplied from the expansion candidate list and verified live. Substantive own-site company/about page was found. No company-specific sentiment URL was verified; left sentiment blank rather than padding with a generic search link.
UTI Asset Management,utimf.com,https://en.wikipedia.org/wiki/UTI_Asset_Management,wikipedia,,,,,,,Official domain supplied from the expansion candidate list and verified live. Used the populated Wikipedia company profile as the information source. No company-specific sentiment URL was verified; left sentiment blank rather than padding with a generic search link.
LIC Housing Finance,lichousing.com,https://www.lichousing.com/about-us,own_about_page,,,,,,,Official domain supplied from the expansion candidate list and verified live. Substantive own-site company/about page was found. No company-specific sentiment URL was verified; left sentiment blank rather than padding with a generic search link.
Can Fin Homes,canfinhomes.com,https://www.canfinhomes.com/,own_about_page,,,,,,,Official domain supplied from the expansion candidate list and verified live. Substantive own-site company/about page was found. No company-specific sentiment URL was verified; left sentiment blank rather than padding with a generic search link.
5paisa Capital,5paisa.com,https://www.5paisa.com/about-us,own_about_page,,,,,,,Official domain supplied from the expansion candidate list and verified live. Substantive own-site company/about page was found. No company-specific sentiment URL was verified; left sentiment blank rather than padding with a generic search link.
IIFL Securities,indiainfoline.com,https://www.indiainfoline.com/company,own_about_page,,,,,,,Official domain supplied from the expansion candidate list and verified live. Substantive own-site company/about page was found. No company-specific sentiment URL was verified; left sentiment blank rather than padding with a generic search link.
Sundaram Asset Management,sundarammutual.com,https://www.sundarammutual.com/,own_about_page,https://en.wikipedia.org/wiki/Sundaram_Finance,wikipedia,,,,,Official domain supplied from the expansion candidate list and verified live. Substantive own-site company/about page was found. No company-specific sentiment URL was verified; left sentiment blank rather than padding with a generic search link.
Motilal Oswal Asset Management,motilaloswal.com,https://en.wikipedia.org/wiki/Motilal_Oswal_Financial_Services,wikipedia,,,,,,,Official domain supplied from the expansion candidate list and verified live. Used the populated Wikipedia company profile as the information source. No company-specific sentiment URL was verified; left sentiment blank rather than padding with a generic search link.
Bajaj Allianz General Insurance,bajajgeneralinsurance.com,https://www.bajajgeneralinsurance.com/about-us.html,own_about_page,https://en.wikipedia.org/wiki/Bajaj_Life_Insurance,wikipedia,,,,,Official domain supplied from the expansion candidate list and verified live. Substantive own-site company/about page was found. No company-specific sentiment URL was verified; left sentiment blank rather than padding with a generic search link.
Star Health and Allied Insurance,starhealth.in,https://www.starhealth.in/about-us/,own_about_page,,,,,,,Official domain supplied from the expansion candidate list and verified live. Substantive own-site company/about page was found. No company-specific sentiment URL was verified; left sentiment blank rather than padding with a generic search link.
Niva Bupa Health Insurance,nivabupa.com,https://en.wikipedia.org/wiki/Niva_Bupa,wikipedia,,,,,,,Official domain supplied from the expansion candidate list and verified live. Used the populated Wikipedia company profile as the information source. No company-specific sentiment URL was verified; left sentiment blank rather than padding with a generic search link.
TeamLease Services,group.teamlease.com,https://group.teamlease.com/about-teamlease/,own_about_page,https://en.wikipedia.org/wiki/TeamLease_Services,wikipedia,,,,,Official domain supplied from the expansion candidate list and verified live. Substantive own-site company/about page was found. No company-specific sentiment URL was verified; left sentiment blank rather than padding with a generic search link.
Quess Corp,quesscorp.com,https://www.quesscorp.com/,own_about_page,,,,,,,Official domain supplied from the expansion candidate list and verified live. Substantive own-site company/about page was found. No company-specific sentiment URL was verified; left sentiment blank rather than padding with a generic search link.
SIS Limited,sisindia.com,https://sisindia.com/company-announcement/,own_about_page,https://en.wikipedia.org/wiki/SIS_Limited,wikipedia,,,,,Official domain supplied from the expansion candidate list and verified live. Substantive own-site company/about page was found. No company-specific sentiment URL was verified; left sentiment blank rather than padding with a generic search link.
Firstsource Solutions,firstsource.com,https://www.firstsource.com/about-us/who-we-are,own_about_page,https://en.wikipedia.org/wiki/Firstsource,wikipedia,,,,,Official domain supplied from the expansion candidate list and verified live. Substantive own-site company/about page was found. No company-specific sentiment URL was verified; left sentiment blank rather than padding with a generic search link.
Hinduja Global Solutions,hgs.com,https://en.wikipedia.org/wiki/Hinduja_Group,wikipedia,,,,,,,Official domain supplied from the expansion candidate list and verified live. Used the populated Wikipedia company profile as the information source. No company-specific sentiment URL was verified; left sentiment blank rather than padding with a generic search link.
Allsec Technologies,alldigitech.com,https://www.alldigitech.com/about-us/,own_about_page,,,,,,,Official domain supplied from the expansion candidate list and verified live. Substantive own-site company/about page was found. No company-specific sentiment URL was verified; left sentiment blank rather than padding with a generic search link.
Tally Solutions,tallysolutions.com,https://tallysolutions.com/business-tools-templates/company-cin-by-pan/,own_about_page,https://en.wikipedia.org/wiki/Tally_Solutions,wikipedia,,,,,Official domain supplied from the expansion candidate list and verified live. Substantive own-site company/about page was found. No company-specific sentiment URL was verified; left sentiment blank rather than padding with a generic search link.
Info Edge India,infoedge.in,https://en.wikipedia.org/wiki/Info_Edge,wikipedia,,,,,,,Official domain supplied from the expansion candidate list and verified live. Used the populated Wikipedia company profile as the information source. No company-specific sentiment URL was verified; left sentiment blank rather than padding with a generic search link.
IndiaMART InterMESH,indiamart.com,https://www.indiamart.com/our-story/,own_about_page,https://en.wikipedia.org/wiki/IndiaMART,wikipedia,,,,,Official domain supplied from the expansion candidate list and verified live. Substantive own-site company/about page was found. No company-specific sentiment URL was verified; left sentiment blank rather than padding with a generic search link.
Matrimony.com,matrimony.com,https://www.matrimony.com/about-us,own_about_page,https://en.wikipedia.org/wiki/Matrimony.com,wikipedia,,,,,Official domain supplied from the expansion candidate list and verified live. Substantive own-site company/about page was found. No company-specific sentiment URL was verified; left sentiment blank rather than padding with a generic search link.
Nazara Technologies,nazara.com,https://en.wikipedia.org/wiki/Nazara_Technologies,wikipedia,,,,,,,Official domain supplied from the expansion candidate list and verified live. Used the populated Wikipedia company profile as the information source. No company-specific sentiment URL was verified; left sentiment blank rather than padding with a generic search link.
Affle India,affle.com,https://affle.com/about,own_about_page,,,,,,,Official domain supplied from the expansion candidate list and verified live. Substantive own-site company/about page was found. No company-specific sentiment URL was verified; left sentiment blank rather than padding with a generic search link.
Route Mobile,routemobile.com,https://routemobile.com/company-profile/,own_about_page,https://en.wikipedia.org/wiki/Route_Mobile,wikipedia,,,,,Official domain supplied from the expansion candidate list and verified live. Substantive own-site company/about page was found. No company-specific sentiment URL was verified; left sentiment blank rather than padding with a generic search link.
Tanla Platforms,tanla.com,https://www.tanla.com/about-us,own_about_page,https://en.wikipedia.org/wiki/Tanla_Platforms,wikipedia,,,,,Official domain supplied from the expansion candidate list and verified live. Substantive own-site company/about page was found. No company-specific sentiment URL was verified; left sentiment blank rather than padding with a generic search link.
Sonata Software,sonata-software.com,https://www.sonata-software.com/about-us,own_about_page,https://en.wikipedia.org/wiki/Sonata_Software,wikipedia,,,,,Official domain supplied from the expansion candidate list and verified live. Substantive own-site company/about page was found. No company-specific sentiment URL was verified; left sentiment blank rather than padding with a generic search link.
Intellect Design Arena,intellectdesign.com,https://www.intellectdesign.com/our-story/,own_about_page,,,,,,,Official domain supplied from the expansion candidate list and verified live. Substantive own-site company/about page was found. No company-specific sentiment URL was verified; left sentiment blank rather than padding with a generic search link.
Sasken Technologies,sasken.com,https://en.wikipedia.org/wiki/Sasken_Technologies,wikipedia,,,,,,,Official domain supplied from the expansion candidate list and verified live. Used the populated Wikipedia company profile as the information source. No company-specific sentiment URL was verified; left sentiment blank rather than padding with a generic search link.
RateGain Travel Technologies,rategain.com,https://rategain.com/about-us/,own_about_page,,,,,,,Official domain supplied from the expansion candidate list and verified live. Substantive own-site company/about page was found. No company-specific sentiment URL was verified; left sentiment blank rather than padding with a generic search link.
Cigniti Technologies,cigniti.com,https://www.cigniti.com/about-us,own_about_page,,,,,,,Official domain supplied from the expansion candidate list and verified live. Substantive own-site company/about page was found. No company-specific sentiment URL was verified; left sentiment blank rather than padding with a generic search link.
Unicommerce eSolutions,unicommerce.com,https://unicommerce.com/about-us/,own_about_page,https://en.wikipedia.org/wiki/Unicommerce,wikipedia,,,,,Official domain supplied from the expansion candidate list and verified live. Substantive own-site company/about page was found. No company-specific sentiment URL was verified; left sentiment blank rather than padding with a generic search link.
Zetwerk,zetwerk.com,https://www.zetwerk.com/,own_about_page,,,,,,,Official domain supplied from the expansion candidate list and verified live. Substantive own-site company/about page was found. No company-specific sentiment URL was verified; left sentiment blank rather than padding with a generic search link.
Shiprocket,shiprocket.in,https://www.shiprocket.in/about-us/,own_about_page,,,,,,,Official domain supplied from the expansion candidate list and verified live. Substantive own-site company/about page was found. No company-specific sentiment URL was verified; left sentiment blank rather than padding with a generic search link.
NoBroker,nobroker.in,https://www.nobroker.in/about/company,own_about_page,https://en.wikipedia.org/wiki/NoBroker,wikipedia,,,,,Official domain supplied from the expansion candidate list and verified live. Substantive own-site company/about page was found. No company-specific sentiment URL was verified; left sentiment blank rather than padding with a generic search link.
EaseMyTrip,easemytrip.com,https://en.wikipedia.org/wiki/EaseMyTrip,wikipedia,,,,,,,Official domain supplied from the expansion candidate list and verified live. Used the populated Wikipedia company profile as the information source. No company-specific sentiment URL was verified; left sentiment blank rather than padding with a generic search link.
Nirma,nirma.co.in,https://en.wikipedia.org/wiki/Nirma,wikipedia,,,,,,,Official domain supplied from the expansion candidate list and verified live. Used the populated Wikipedia company profile as the information source. No company-specific sentiment URL was verified; left sentiment blank rather than padding with a generic search link.
Raymond,raymond.in,https://en.wikipedia.org/wiki/Raymond_Group,wikipedia,,,,,,,Official domain supplied from the expansion candidate list and verified live. Used the populated Wikipedia company profile as the information source. No company-specific sentiment URL was verified; left sentiment blank rather than padding with a generic search link.
Welspun India,welspun.com,https://en.wikipedia.org/wiki/Welspun_Corp,wikipedia,,,,,,,Official domain supplied from the expansion candidate list and verified live. Used the populated Wikipedia company profile as the information source. No company-specific sentiment URL was verified; left sentiment blank rather than padding with a generic search link.
V-Guard Industries,vguard.in,https://en.wikipedia.org/wiki/V-Guard_Industries,wikipedia,,,,,,,Official domain supplied from the expansion candidate list and verified live. Used the populated Wikipedia company profile as the information source. No company-specific sentiment URL was verified; left sentiment blank rather than padding with a generic search link.
CavinKare,cavinkare.com,https://cavinkare.com/about-us/,own_about_page,,,,,,,Official domain supplied from the expansion candidate list and verified live. Substantive own-site company/about page was found. No company-specific sentiment URL was verified; left sentiment blank rather than padding with a generic search link.
Jyothy Labs,jyothylabs.com,https://www.jyothylabs.com/company/,own_about_page,,,,,,,Official domain supplied from the expansion candidate list and verified live. Substantive own-site company/about page was found. No company-specific sentiment URL was verified; left sentiment blank rather than padding with a generic search link.
Bikaji Foods International,bikaji.com,https://www.bikaji.com/about-us,own_about_page,,,,,,,Official domain supplied from the expansion candidate list and verified live. Substantive own-site company/about page was found. No company-specific sentiment URL was verified; left sentiment blank rather than padding with a generic search link.
Devyani International,dil-rjcorp.com,https://dil-rjcorp.com/about-rj-corp/,own_about_page,https://en.wikipedia.org/wiki/Devyani_Khobragade_incident,wikipedia,,,,,Official domain supplied from the expansion candidate list and verified live. Substantive own-site company/about page was found. No company-specific sentiment URL was verified; left sentiment blank rather than padding with a generic search link.
Restaurant Brands Asia,login.microsoftonline.com,https://en.wikipedia.org/wiki/Speciality_Restaurants_Limited,wikipedia,,,,,,,Official domain supplied from the expansion candidate list and verified live. Used the populated Wikipedia company profile as the information source. No company-specific sentiment URL was verified; left sentiment blank rather than padding with a generic search link.
Lemon Tree Hotels,lemontreehotels.com,https://www.lemontreehotels.com/about-us,own_about_page,https://en.wikipedia.org/wiki/Lemon_Tree_Hotels,wikipedia,,,,,Official domain supplied from the expansion candidate list and verified live. Substantive own-site company/about page was found. No company-specific sentiment URL was verified; left sentiment blank rather than padding with a generic search link.
Chalet Hotels,chalethotels.com,https://www.chalethotels.com/about-us/,own_about_page,,,,,,,Official domain supplied from the expansion candidate list and verified live. Substantive own-site company/about page was found. No company-specific sentiment URL was verified; left sentiment blank rather than padding with a generic search link.
Thomas Cook India,thomascook.in,https://www.thomascook.in/about-us,own_about_page,https://en.wikipedia.org/wiki/Thomas_Cook_India,wikipedia,,,,,Official domain supplied from the expansion candidate list and verified live. Substantive own-site company/about page was found. No company-specific sentiment URL was verified; left sentiment blank rather than padding with a generic search link.
Safari Industries India,safaribags.com,https://safaribags.com/pages/about-us,own_about_page,,,,,,,Official domain supplied from the expansion candidate list and verified live. Substantive own-site company/about page was found. No company-specific sentiment URL was verified; left sentiment blank rather than padding with a generic search link.
VIP Industries,vipindustries.co.in,https://www.vipindustries.co.in/about-us,own_about_page,https://en.wikipedia.org/wiki/VIP_Industries,wikipedia,,,,,Official domain supplied from the expansion candidate list and verified live. Substantive own-site company/about page was found. No company-specific sentiment URL was verified; left sentiment blank rather than padding with a generic search link.
Great Learning,mygreatlearning.com,https://www.mygreatlearning.com/about-us,own_about_page,,,,,,,Official domain supplied from the expansion candidate list and verified live. Substantive own-site company/about page was found. No company-specific sentiment URL was verified; left sentiment blank rather than padding with a generic search link.
Teachmint,teachmint.com,https://www.teachmint.com/about,own_about_page,,,,,,,Official domain supplied from the expansion candidate list and verified live. Substantive own-site company/about page was found. No company-specific sentiment URL was verified; left sentiment blank rather than padding with a generic search link.
LEAD Group,leadschool.in,https://leadschool.in/about-us/know-the-company/,own_about_page,,,,,,,Official domain supplied from the expansion candidate list and verified live. Substantive own-site company/about page was found. No company-specific sentiment URL was verified; left sentiment blank rather than padding with a generic search link.
Aakash Educational Services,aakash.ac.in,https://en.wikipedia.org/wiki/Aakash_(tablet),wikipedia,,,,,,,Official domain supplied from the expansion candidate list and verified live. Used the populated Wikipedia company profile as the information source. No company-specific sentiment URL was verified; left sentiment blank rather than padding with a generic search link.
ALLEN Career Institute,allen.ac.in,https://en.wikipedia.org/wiki/Allen,wikipedia,,,,,,,Official domain supplied from the expansion candidate list and verified live. Used the populated Wikipedia company profile as the information source. No company-specific sentiment URL was verified; left sentiment blank rather than padding with a generic search link.
Career Launcher,careerlauncher.com,https://www.careerlauncher.com/aboutus/,own_about_page,,,,,,,Official domain supplied from the expansion candidate list and verified live. Substantive own-site company/about page was found. No company-specific sentiment URL was verified; left sentiment blank rather than padding with a generic search link.
EduTech,edutech.com,https://www.edutech.com/about,own_about_page,,,,,,,Official domain supplied from the expansion candidate list and verified live. Substantive own-site company/about page was found. No company-specific sentiment URL was verified; left sentiment blank rather than padding with a generic search link.
Tata Trusts,tatatrusts.org,https://en.wikipedia.org/wiki/Tata_Trusts,wikipedia,,,,,,,Official domain supplied from the expansion candidate list and verified live. Used the populated Wikipedia company profile as the information source. No company-specific sentiment URL was verified; left sentiment blank rather than padding with a generic search link.
Wipro Foundation,wiprofoundation.org,https://www.wiprofoundation.org/about-us/,own_about_page,https://en.wikipedia.org/wiki/Wipro,wikipedia,,,,,Official domain supplied from the expansion candidate list and verified live. Substantive own-site company/about page was found. No company-specific sentiment URL was verified; left sentiment blank rather than padding with a generic search link.
Reliance Foundation,reliancefoundation.org,https://www.reliancefoundation.org/about-us,own_about_page,https://en.wikipedia.org/wiki/Reliance_Foundation,wikipedia,,,,,Official domain supplied from the expansion candidate list and verified live. Substantive own-site company/about page was found. No company-specific sentiment URL was verified; left sentiment blank rather than padding with a generic search link.
Akshaya Patra Foundation,akshayapatra.org,https://www.akshayapatra.org/about-us,own_about_page,,,,,,,Official domain supplied from the expansion candidate list and verified live. Substantive own-site company/about page was found. No company-specific sentiment URL was verified; left sentiment blank rather than padding with a generic search link.
Teach For India,teachforindia.org,https://www.teachforindia.org/who-we-are,own_about_page,https://en.wikipedia.org/wiki/Redrawing_India:_The_Teach_For_India_Story,wikipedia,,,,,Official domain supplied from the expansion candidate list and verified live. Substantive own-site company/about page was found. No company-specific sentiment URL was verified; left sentiment blank rather than padding with a generic search link.
Pratham Education Foundation,pratham.org,https://www.pratham.org/our-story/,own_about_page,,,,,,,Official domain supplied from the expansion candidate list and verified live. Substantive own-site company/about page was found. No company-specific sentiment URL was verified; left sentiment blank rather than padding with a generic search link.
SEWA,sewa.org,https://www.sewa.org/about-us/,own_about_page,https://en.wikipedia.org/wiki/Sewapanthi,wikipedia,,,,,Official domain supplied from the expansion candidate list and verified live. Substantive own-site company/about page was found. No company-specific sentiment URL was verified; left sentiment blank rather than padding with a generic search link.
Give,give.do,https://give.do/aboutus,own_about_page,,,,,,,Official domain supplied from the expansion candidate list and verified live. Substantive own-site company/about page was found. No company-specific sentiment URL was verified; left sentiment blank rather than padding with a generic search link.
HelpAge India,helpageindia.org,https://www.helpageindia.org/about-us,own_about_page,,,,,,,Official domain supplied from the expansion candidate list and verified live. Substantive own-site company/about page was found. No company-specific sentiment URL was verified; left sentiment blank rather than padding with a generic search link.
Smile Foundation,smilefoundationindia.org,https://www.smilefoundationindia.org/our-story/,own_about_page,,,,,,,Official domain supplied from the expansion candidate list and verified live. Substantive own-site company/about page was found. No company-specific sentiment URL was verified; left sentiment blank rather than padding with a generic search link.
Goonj,goonj.org,https://en.wikipedia.org/wiki/Goonj_(1974_film),wikipedia,,,,,,,Official domain supplied from the expansion candidate list and verified live. Used the populated Wikipedia company profile as the information source. No company-specific sentiment URL was verified; left sentiment blank rather than padding with a generic search link.
Sightsavers India,sightsaversindia.org,https://www.sightsaversindia.org/about-us/,own_about_page,https://en.wikipedia.org/wiki/Sightsavers,wikipedia,,,,,Official domain supplied from the expansion candidate list and verified live. Substantive own-site company/about page was found. No company-specific sentiment URL was verified; left sentiment blank rather than padding with a generic search link.
Indian Space Research Organisation,isro.gov.in,https://en.wikipedia.org/wiki/Indian_Space_Association,wikipedia,,,,,,,Official domain supplied from the expansion candidate list and verified live. Used the populated Wikipedia company profile as the information source. No company-specific sentiment URL was verified; left sentiment blank rather than padding with a generic search link.
Defence Research and Development Organisation,xn--m1b0a2bb8esed.xn--11b7cb3a6a.xn--h2brj9c,https://en.wikipedia.org/wiki/Defence_Research_and_Development_Organisation,wikipedia,,,,,,,Official domain supplied from the expansion candidate list and verified live. Used the populated Wikipedia company profile as the information source. No company-specific sentiment URL was verified; left sentiment blank rather than padding with a generic search link.
Council of Scientific and Industrial Research,csir.res.in,https://en.wikipedia.org/wiki/National_Research_Council_Canada,wikipedia,,,,,,,Official domain supplied from the expansion candidate list and verified live. Used the populated Wikipedia company profile as the information source. No company-specific sentiment URL was verified; left sentiment blank rather than padding with a generic search link.
Department of Atomic Energy,dae.gov.in,https://dae.gov.in/about-crisis-managment-group-cmg/,own_about_page,,,,,,,Official domain supplied from the expansion candidate list and verified live. Substantive own-site company/about page was found. No company-specific sentiment URL was verified; left sentiment blank rather than padding with a generic search link.
Bhabha Atomic Research Centre,barc.gov.in,https://www.barc.gov.in/about/,own_about_page,https://en.wikipedia.org/wiki/Bhabha_Atomic_Research_Centre,wikipedia,,,,,Official domain supplied from the expansion candidate list and verified live. Substantive own-site company/about page was found. No company-specific sentiment URL was verified; left sentiment blank rather than padding with a generic search link.
Indian Council of Medical Research,icmr.gov.in,https://www.icmr.gov.in/who-we-are,own_about_page,,,,,,,Official domain supplied from the expansion candidate list and verified live. Substantive own-site company/about page was found. No company-specific sentiment URL was verified; left sentiment blank rather than padding with a generic search link.
National Informatics Centre,nic.gov.in,https://www.nic.gov.in/about-this-website/,own_about_page,https://en.wikipedia.org/wiki/National_Informatics_Centre,wikipedia,,,,,Official domain supplied from the expansion candidate list and verified live. Substantive own-site company/about page was found. No company-specific sentiment URL was verified; left sentiment blank rather than padding with a generic search link.
Goods and Services Tax Network,gstn.org.in,https://en.wikipedia.org/wiki/Goods_and_Services_Tax_(India),wikipedia,,,,,,,Official domain supplied from the expansion candidate list and verified live. Used the populated Wikipedia company profile as the information source. No company-specific sentiment URL was verified; left sentiment blank rather than padding with a generic search link.
National Skill Development Corporation,nsdcindia.org,https://www.nsdcindia.org:443/about-us,own_about_page,https://en.wikipedia.org/wiki/National_Skill_Development_Corporation,wikipedia,,,,,Official domain supplied from the expansion candidate list and verified live. Substantive own-site company/about page was found. No company-specific sentiment URL was verified; left sentiment blank rather than padding with a generic search link.
National Testing Agency,nta.ac.in,https://www.nta.ac.in/about,own_about_page,https://en.wikipedia.org/wiki/National_Eligibility_cum_Entrance_Test_(Undergraduate),wikipedia,,,,,Official domain supplied from the expansion candidate list and verified live. Substantive own-site company/about page was found. No company-specific sentiment URL was verified; left sentiment blank rather than padding with a generic search link.
Startup India,startupindia.gov.in,https://en.wikipedia.org/wiki/List_of_unicorn_startup_companies,wikipedia,,,,,,,Official domain supplied from the expansion candidate list and verified live. Used the populated Wikipedia company profile as the information source. No company-specific sentiment URL was verified; left sentiment blank rather than padding with a generic search link.
Invest India,investindia.gov.in,https://www.investindia.gov.in/about,own_about_page,,,,,,,Official domain supplied from the expansion candidate list and verified live. Substantive own-site company/about page was found. No company-specific sentiment URL was verified; left sentiment blank rather than padding with a generic search link.
National Institute of Fashion Technology,nift.ac.in,https://en.wikipedia.org/wiki/List_of_companies_listed_on_the_National_Stock_Exchange_of_India,wikipedia,,,,,,,Official domain supplied from the expansion candidate list and verified live. Used the populated Wikipedia company profile as the information source. No company-specific sentiment URL was verified; left sentiment blank rather than padding with a generic search link.
National Institute of Ocean Technology,niot.res.in,"https://en.wikipedia.org/wiki/National_Institute_of_Technology,_Tiruchirappalli",wikipedia,,,,,,,Official domain supplied from the expansion candidate list and verified live. Used the populated Wikipedia company profile as the information source. No company-specific sentiment URL was verified; left sentiment blank rather than padding with a generic search link.
Bureau of Indian Standards,bis.gov.in,https://www.bis.gov.in/?lang=en,own_about_page,,,,,,,Official domain supplied from the expansion candidate list and verified live. Substantive own-site company/about page was found. No company-specific sentiment URL was verified; left sentiment blank rather than padding with a generic search link.
National Centre for Biological Sciences,ncbs.res.in,https://www.ncbs.res.in/about-us,own_about_page,,,,,,,Official domain supplied from the expansion candidate list and verified live. Substantive own-site company/about page was found. No company-specific sentiment URL was verified; left sentiment blank rather than padding with a generic search link.
Tata Institute of Fundamental Research,tifr.res.in,https://en.wikipedia.org/wiki/Tata_Trusts,wikipedia,,,,,,,Official domain supplied from the expansion candidate list and verified live. Used the populated Wikipedia company profile as the information source. No company-specific sentiment URL was verified; left sentiment blank rather than padding with a generic search link.
National Highways Authority of India,nhai.gov.in,https://en.wikipedia.org/wiki/National_highways_of_India,wikipedia,,,,,,,Official domain supplied from the expansion candidate list and verified live. Used the populated Wikipedia company profile as the information source. No company-specific sentiment URL was verified; left sentiment blank rather than padding with a generic search link.
India Post,indiapost.gov.in,https://en.wikipedia.org/wiki/India_Post,wikipedia,,,,,,,Official domain supplied from the expansion candidate list and verified live. Used the populated Wikipedia company profile as the information source. No company-specific sentiment URL was verified; left sentiment blank rather than padding with a generic search link.
Unique Identification Authority of India,uidai.gov.in,https://uidai.gov.in/en/who-we-are,own_about_page,,,,,,,Official domain supplied from the expansion candidate list and verified live. Substantive own-site company/about page was found. No company-specific sentiment URL was verified; left sentiment blank rather than padding with a generic search link.
National Mission for Clean Ganga,nmcg.nic.in,https://en.wikipedia.org/wiki/National_symbols_of_India,wikipedia,,,,,,,Official domain supplied from the expansion candidate list and verified live. Used the populated Wikipedia company profile as the information source. No company-specific sentiment URL was verified; left sentiment blank rather than padding with a generic search link.
Central Board of Secondary Education,cbse.gov.in,https://en.wikipedia.org/wiki/List_of_central_agencies_in_India,wikipedia,,,,,,,Official domain supplied from the expansion candidate list and verified live. Used the populated Wikipedia company profile as the information source. No company-specific sentiment URL was verified; left sentiment blank rather than padding with a generic search link.
University Grants Commission,ugc.gov.in,https://www.ugc.gov.in/about/ErrorPage/ErrorPage/index?code=404,own_about_page,https://en.wikipedia.org/wiki/Bihar_Engineering_University,wikipedia,,,,,Official domain supplied from the expansion candidate list and verified live. Substantive own-site company/about page was found. No company-specific sentiment URL was verified; left sentiment blank rather than padding with a generic search link.
National Council of Educational Research and Training,ncert.nic.in,https://en.wikipedia.org/wiki/National_Productivity_Council,wikipedia,,,,,,,Official domain supplied from the expansion candidate list and verified live. Used the populated Wikipedia company profile as the information source. No company-specific sentiment URL was verified; left sentiment blank rather than padding with a generic search link.
Indian Institute of Technology Bombay,iitb.ac.in,https://www.iitb.ac.in/about,own_about_page,https://en.wikipedia.org/wiki/Indian_Institutes_of_Technology,wikipedia,,,,,Official domain supplied from the expansion candidate list and verified live. Substantive own-site company/about page was found. No company-specific sentiment URL was verified; left sentiment blank rather than padding with a generic search link.
Indian Institute of Technology Madras,iitm.ac.in,https://www.iitm.ac.in/,own_about_page,https://en.wikipedia.org/wiki/Indian_Institutes_of_Technology,wikipedia,,,,,Official domain supplied from the expansion candidate list and verified live. Substantive own-site company/about page was found. No company-specific sentiment URL was verified; left sentiment blank rather than padding with a generic search link.
Indian Institute of Technology Kanpur,iitk.ac.in,https://en.wikipedia.org/wiki/Indian_Institutes_of_Technology,wikipedia,,,,,,,Official domain supplied from the expansion candidate list and verified live. Used the populated Wikipedia company profile as the information source. No company-specific sentiment URL was verified; left sentiment blank rather than padding with a generic search link.
Indian Institute of Technology Kharagpur,iitkgp.ac.in,https://www.iitkgp.ac.in/who-we-are,own_about_page,https://en.wikipedia.org/wiki/Indian_Institutes_of_Technology,wikipedia,,,,,Official domain supplied from the expansion candidate list and verified live. Substantive own-site company/about page was found. No company-specific sentiment URL was verified; left sentiment blank rather than padding with a generic search link.
Indian Institute of Technology Hyderabad,iith.ac.in,https://en.wikipedia.org/wiki/Indian_Institutes_of_Technology,wikipedia,,,,,,,Official domain supplied from the expansion candidate list and verified live. Used the populated Wikipedia company profile as the information source. No company-specific sentiment URL was verified; left sentiment blank rather than padding with a generic search link.
Indian Institute of Science,iisc.ac.in,https://www.iisc.ac.in/about/,own_about_page,https://en.wikipedia.org/wiki/Indian_Institute_of_Science,wikipedia,,,,,Official domain supplied from the expansion candidate list and verified live. Substantive own-site company/about page was found. No company-specific sentiment URL was verified; left sentiment blank rather than padding with a generic search link.
Indian Institute of Science Education and Research Mohali,iisermohali.ac.in,https://en.wikipedia.org/wiki/Indian_School_of_Business,wikipedia,,,,,,,Official domain supplied from the expansion candidate list and verified live. Used the populated Wikipedia company profile as the information source. No company-specific sentiment URL was verified; left sentiment blank rather than padding with a generic search link.
Indian Institute of Management Ahmedabad,iima.ac.in,https://en.wikipedia.org/wiki/Indian_Institutes_of_Management,wikipedia,,,,,,,Official domain supplied from the expansion candidate list and verified live. Used the populated Wikipedia company profile as the information source. No company-specific sentiment URL was verified; left sentiment blank rather than padding with a generic search link.
Indian Institute of Management Bangalore,iimb.ac.in,https://en.wikipedia.org/wiki/Indian_Institutes_of_Management,wikipedia,,,,,,,Official domain supplied from the expansion candidate list and verified live. Used the populated Wikipedia company profile as the information source. No company-specific sentiment URL was verified; left sentiment blank rather than padding with a generic search link.
Indian Institute of Management Calcutta,iimcal.ac.in,https://www.iimcal.ac.in/about,own_about_page,https://en.wikipedia.org/wiki/Indian_Institute_of_Management_Calcutta,wikipedia,,,,,Official domain supplied from the expansion candidate list and verified live. Substantive own-site company/about page was found. No company-specific sentiment URL was verified; left sentiment blank rather than padding with a generic search link.
Indian Institute of Management Lucknow,iiml.ac.in,https://en.wikipedia.org/wiki/Indian_Institute_of_Management_Lucknow,wikipedia,,,,,,,Official domain supplied from the expansion candidate list and verified live. Used the populated Wikipedia company profile as the information source. No company-specific sentiment URL was verified; left sentiment blank rather than padding with a generic search link.
Indian Institute of Management Kozhikode,iimk.ac.in,https://iimk.ac.in/about,own_about_page,https://en.wikipedia.org/wiki/Indian_Institute_of_Management_Kozhikode,wikipedia,,,,,Official domain supplied from the expansion candidate list and verified live. Substantive own-site company/about page was found. No company-specific sentiment URL was verified; left sentiment blank rather than padding with a generic search link.
All India Institute of Medical Sciences New Delhi,aiims.edu,"https://en.wikipedia.org/wiki/All_India_Institute_of_Medical_Sciences,_Delhi",wikipedia,,,,,,,Official domain supplied from the expansion candidate list and verified live. Used the populated Wikipedia company profile as the information source. No company-specific sentiment URL was verified; left sentiment blank rather than padding with a generic search link.
Jawaharlal Nehru University,jnu.ac.in,https://www.jnu.ac.in/about-us,own_about_page,https://en.wikipedia.org/wiki/Jawaharlal_Nehru_University,wikipedia,,,,,Official domain supplied from the expansion candidate list and verified live. Substantive own-site company/about page was found. No company-specific sentiment URL was verified; left sentiment blank rather than padding with a generic search link.
University of Delhi,du.ac.in,"https://en.wikipedia.org/wiki/Faculty_of_Law,_University_of_Delhi",wikipedia,https://en.wikipedia.org/wiki/List_of_Delhi_Technological_University_alumni,wikipedia,,,,,Official domain supplied from the expansion candidate list and verified live. Used the populated Wikipedia company profile as the information source. No company-specific sentiment URL was verified; left sentiment blank rather than padding with a generic search link.
Banaras Hindu University,bhu.ac.in,https://www.bhu.ac.in/Site/Home/1_2_16_Main-Site,own_about_page,"https://en.wikipedia.org/wiki/Institute_of_Science,_Banaras_Hindu_University",wikipedia,,,,,Official domain supplied from the expansion candidate list and verified live. Substantive own-site company/about page was found. No company-specific sentiment URL was verified; left sentiment blank rather than padding with a generic search link.
University of Hyderabad,uohyd.ac.in,https://en.wikipedia.org/wiki/University_of_Hyderabad,wikipedia,,,,,,,Official domain supplied from the expansion candidate list and verified live. Used the populated Wikipedia company profile as the information source. No company-specific sentiment URL was verified; left sentiment blank rather than padding with a generic search link.
Birla Institute of Technology and Science Pilani,bits-pilani.ac.in,https://www.bits-pilani.ac.in/pilani/about-us/,own_about_page,https://en.wikipedia.org/wiki/Kumar_Mangalam_Birla,wikipedia,,,,,Official domain supplied from the expansion candidate list and verified live. Substantive own-site company/about page was found. No company-specific sentiment URL was verified; left sentiment blank rather than padding with a generic search link.
Vellore Institute of Technology,vit.ac.in,https://vit.ac.in/about-vit,own_about_page,https://en.wikipedia.org/wiki/Vellore,wikipedia,,,,,Official domain supplied from the expansion candidate list and verified live. Substantive own-site company/about page was found. No company-specific sentiment URL was verified; left sentiment blank rather than padding with a generic search link.
Manipal Academy of Higher Education,manipal.edu,https://en.wikipedia.org/wiki/Manipal_Academy_of_Higher_Education,wikipedia,,,,,,,Official domain supplied from the expansion candidate list and verified live. Used the populated Wikipedia company profile as the information source. No company-specific sentiment URL was verified; left sentiment blank rather than padding with a generic search link.
Amrita Vishwa Vidyapeetham,amrita.edu,https://www.amrita.edu/course/company-law/,own_about_page,https://en.wikipedia.org/wiki/Amrita_Schools_of_Engineering,wikipedia,,,,,Official domain supplied from the expansion candidate list and verified live. Substantive own-site company/about page was found. No company-specific sentiment URL was verified; left sentiment blank rather than padding with a generic search link.
SRM Institute of Science and Technology,srmist.edu.in,https://www.srmist.edu.in/about-us/,own_about_page,,,,,,,Official domain supplied from the expansion candidate list and verified live. Substantive own-site company/about page was found. No company-specific sentiment URL was verified; left sentiment blank rather than padding with a generic search link.
Christ University,christuniversity.in,https://christuniversity.in/about/company,own_about_page,https://en.wikipedia.org/wiki/Christ_University,wikipedia,,,,,Official domain supplied from the expansion candidate list and verified live. Substantive own-site company/about page was found. No company-specific sentiment URL was verified; left sentiment blank rather than padding with a generic search link.
Symbiosis International University,siu.edu.in,https://www.siu.edu.in/about-us,own_about_page,https://en.wikipedia.org/wiki/Symbiosis_Institute_of_Management_Studies_Pune,wikipedia,,,,,Official domain supplied from the expansion candidate list and verified live. Substantive own-site company/about page was found. No company-specific sentiment URL was verified; left sentiment blank rather than padding with a generic search link.
Ashoka University,ashoka.edu.in,https://www.ashoka.edu.in/about-us/,own_about_page,https://en.wikipedia.org/wiki/Ashoka_University,wikipedia,,,,,Official domain supplied from the expansion candidate list and verified live. Substantive own-site company/about page was found. No company-specific sentiment URL was verified; left sentiment blank rather than padding with a generic search link.
Shiv Nadar University,snu.edu.in,https://snu.edu.in/about/,own_about_page,https://en.wikipedia.org/wiki/Shiv_Nadar,wikipedia,,,,,Official domain supplied from the expansion candidate list and verified live. Substantive own-site company/about page was found. No company-specific sentiment URL was verified; left sentiment blank rather than padding with a generic search link.
O.P. Jindal Global University,jgu.edu.in,https://jgu.edu.in/,own_about_page,,,,,,,Official domain supplied from the expansion candidate list and verified live. Substantive own-site company/about page was found. No company-specific sentiment URL was verified; left sentiment blank rather than padding with a generic search link.
Azim Premji University,azimpremjiuniversity.edu.in,https://azimpremjiuniversity.edu.in/azim-premji-foundation/our-story,own_about_page,https://en.wikipedia.org/wiki/Azim_Premji,wikipedia,,,,,Official domain supplied from the expansion candidate list and verified live. Substantive own-site company/about page was found. No company-specific sentiment URL was verified; left sentiment blank rather than padding with a generic search link.
FLAME University,flame.edu.in,https://en.wikipedia.org/wiki/Eternal_flame,wikipedia,,,,,,,Official domain supplied from the expansion candidate list and verified live. Used the populated Wikipedia company profile as the information source. No company-specific sentiment URL was verified; left sentiment blank rather than padding with a generic search link.
Jain University,jainuniversity.ac.in,https://www.jainuniversity.ac.in/,own_about_page,https://en.wikipedia.org/wiki/Ajit_Jain,wikipedia,,,,,Official domain supplied from the expansion candidate list and verified live. Substantive own-site company/about page was found. No company-specific sentiment URL was verified; left sentiment blank rather than padding with a generic search link.
SVKM NMIMS,nmims.edu,https://www.nmims.edu/about,own_about_page,,,,,,,Official domain supplied from the expansion candidate list and verified live. Substantive own-site company/about page was found. No company-specific sentiment URL was verified; left sentiment blank rather than padding with a generic search link.
Indian Institute of Foreign Trade,iift.ac.in,https://en.wikipedia.org/wiki/Indian_Institute_of_Foreign_Trade,wikipedia,,,,,,,Official domain supplied from the expansion candidate list and verified live. Used the populated Wikipedia company profile as the information source. No company-specific sentiment URL was verified; left sentiment blank rather than padding with a generic search link.
National Law School of India University,nls.ac.in,https://www.nls.ac.in/about/about-nlsiu/,own_about_page,"https://en.wikipedia.org/wiki/National_Law_University,_Jodhpur",wikipedia,,,,,Official domain supplied from the expansion candidate list and verified live. Substantive own-site company/about page was found. No company-specific sentiment URL was verified; left sentiment blank rather than padding with a generic search link.
Indian School of Business,isb.edu,https://www.isb.edu/about,own_about_page,https://en.wikipedia.org/wiki/Indian_School_of_Business,wikipedia,,,,,Official domain supplied from the expansion candidate list and verified live. Substantive own-site company/about page was found. No company-specific sentiment URL was verified; left sentiment blank rather than padding with a generic search link.
Federation of Indian Chambers of Commerce and Industry,ficci.in,https://www.ficci.in/about,own_about_page,https://en.wikipedia.org/wiki/Federation_of_Indian_Chambers_of_Commerce_&_Industry,wikipedia,,,,,Official domain supplied from the expansion candidate list and verified live. Substantive own-site company/about page was found. No company-specific sentiment URL was verified; left sentiment blank rather than padding with a generic search link.
Confederation of Indian Industry,cii.in,https://en.wikipedia.org/wiki/Confederation_of_Indian_Industry,wikipedia,,,,,,,Official domain supplied from the expansion candidate list and verified live. Used the populated Wikipedia company profile as the information source. No company-specific sentiment URL was verified; left sentiment blank rather than padding with a generic search link.
ASSOCHAM,assocham.org,https://en.wikipedia.org/wiki/ASSOCHAM,wikipedia,,,,,,,Official domain supplied from the expansion candidate list and verified live. Used the populated Wikipedia company profile as the information source. No company-specific sentiment URL was verified; left sentiment blank rather than padding with a generic search link.
National Association of Software and Service Companies,nasscom.in,https://nasscom.in/who-we-are,own_about_page,https://en.wikipedia.org/wiki/National_Payments_Corporation_of_India,wikipedia,,,,,Official domain supplied from the expansion candidate list and verified live. Substantive own-site company/about page was found. No company-specific sentiment URL was verified; left sentiment blank rather than padding with a generic search link.
Retailers Association of India,rai.net.in,https://rai.net.in/who-we-are,own_about_page,,,,,,,Official domain supplied from the expansion candidate list and verified live. Substantive own-site company/about page was found. No company-specific sentiment URL was verified; left sentiment blank rather than padding with a generic search link.
Internet and Mobile Association of India,iamai.in,https://www.iamai.in/about-us,own_about_page,https://en.wikipedia.org/wiki/Internet_and_Mobile_Association_of_India,wikipedia,,,,,Official domain supplied from the expansion candidate list and verified live. Substantive own-site company/about page was found. No company-specific sentiment URL was verified; left sentiment blank rather than padding with a generic search link.
Indian Pharmaceutical Alliance,ipa-india.org,https://www.ipa-india.org/about-us,own_about_page,https://en.wikipedia.org/wiki/Indian_Pharmaceutical_Alliance,wikipedia,,,,,Official domain supplied from the expansion candidate list and verified live. Substantive own-site company/about page was found. No company-specific sentiment URL was verified; left sentiment blank rather than padding with a generic search link.
Indian Private Equity and Venture Capital Association,ivca.in,https://www.ivca.in/about-us,own_about_page,,,,,,,Official domain supplied from the expansion candidate list and verified live. Substantive own-site company/about page was found. No company-specific sentiment URL was verified; left sentiment blank rather than padding with a generic search link.
Council for Leather Exports,leatherindia.org,https://leatherindia.org/about-cle/,own_about_page,https://en.wikipedia.org/wiki/Cashew_Export_Promotion_Council_of_India,wikipedia,,,,,Official domain supplied from the expansion candidate list and verified live. Substantive own-site company/about page was found. No company-specific sentiment URL was verified; left sentiment blank rather than padding with a generic search link.
Export Promotion Council for Handicrafts,epch.in,https://en.wikipedia.org/wiki/List_of_Export_Promotion_Organisations_in_India,wikipedia,,,,,,,Official domain supplied from the expansion candidate list and verified live. Used the populated Wikipedia company profile as the information source. No company-specific sentiment URL was verified; left sentiment blank rather than padding with a generic search link.
Gem and Jewellery Export Promotion Council,gjepc.org,https://gjepc.org/404.php,own_about_page,,,,,,,Official domain supplied from the expansion candidate list and verified live. Substantive own-site company/about page was found. No company-specific sentiment URL was verified; left sentiment blank rather than padding with a generic search link.
Tea Board India,teaboard.gov.in,https://en.wikipedia.org/wiki/History_of_tea_in_India,wikipedia,,,,,,,Official domain supplied from the expansion candidate list and verified live. Used the populated Wikipedia company profile as the information source. No company-specific sentiment URL was verified; left sentiment blank rather than padding with a generic search link.
Prasar Bharati,prasarbharati.gov.in,https://en.wikipedia.org/wiki/Prasar_Bharati,wikipedia,,,,,,,Official domain supplied from the expansion candidate list and verified live. Used the populated Wikipedia company profile as the information source. No company-specific sentiment URL was verified; left sentiment blank rather than padding with a generic search link.
Press Trust of India,ptinews.com,https://en.wikipedia.org/wiki/Press_Trust_of_India,wikipedia,,,,,,,Official domain supplied from the expansion candidate list and verified live. Used the populated Wikipedia company profile as the information source. No company-specific sentiment URL was verified; left sentiment blank rather than padding with a generic search link.
India Today Group,indiatodaygroup.com,https://en.wikipedia.org/wiki/India_Today,wikipedia,,,,,,,Official domain supplied from the expansion candidate list and verified live. Used the populated Wikipedia company profile as the information source. No company-specific sentiment URL was verified; left sentiment blank rather than padding with a generic search link.
The Indian Express Group,indianexpress.com,https://indianexpress.com/about/company/,own_about_page,,,,,,,Official domain supplied from the expansion candidate list and verified live. Substantive own-site company/about page was found. No company-specific sentiment URL was verified; left sentiment blank rather than padding with a generic search link.
HT Media,htmedia.in,https://www.htmedia.in/about-us,own_about_page,https://en.wikipedia.org/wiki/HT_Media,wikipedia,,,,,Official domain supplied from the expansion candidate list and verified live. Substantive own-site company/about page was found. No company-specific sentiment URL was verified; left sentiment blank rather than padding with a generic search link.
ABP Network,abpnetwork.com,https://www.abpnetwork.com/aboutus,own_about_page,,,,,,,Official domain supplied from the expansion candidate list and verified live. Substantive own-site company/about page was found. No company-specific sentiment URL was verified; left sentiment blank rather than padding with a generic search link.
Jagran Prakashan,jagran.com,https://en.wikipedia.org/wiki/Jagran_Prakashan,wikipedia,,,,,,,Official domain supplied from the expansion candidate list and verified live. Used the populated Wikipedia company profile as the information source. No company-specific sentiment URL was verified; left sentiment blank rather than padding with a generic search link.
T-Series,tseries.com,https://www.tseries.com/about-us,own_about_page,https://en.wikipedia.org/wiki/T-Series_(company),wikipedia,,,,,Official domain supplied from the expansion candidate list and verified live. Substantive own-site company/about page was found. No company-specific sentiment URL was verified; left sentiment blank rather than padding with a generic search link.
Yash Raj Films,yashrajfilms.com,https://www.yashrajfilms.com/about-us,own_about_page,https://en.wikipedia.org/wiki/Yash_Raj_Films,wikipedia,,,,,Official domain supplied from the expansion candidate list and verified live. Substantive own-site company/about page was found. No company-specific sentiment URL was verified; left sentiment blank rather than padding with a generic search link.
Dharma Productions,dharma-production.com,https://en.wikipedia.org/wiki/Dharma_Productions,wikipedia,,,,,,,Official domain supplied from the expansion candidate list and verified live. Used the populated Wikipedia company profile as the information source. No company-specific sentiment URL was verified; left sentiment blank rather than padding with a generic search link.
Board of Control for Cricket in India,bcci.tv,https://www.bcci.tv/about,own_about_page,https://en.wikipedia.org/wiki/Board_of_Control_for_Cricket_in_India,wikipedia,,,,,Official domain supplied from the expansion candidate list and verified live. Substantive own-site company/about page was found. No company-specific sentiment URL was verified; left sentiment blank rather than padding with a generic search link.
National Rifle Association of India,thenrai.in,https://en.wikipedia.org/wiki/National_Rifle_Association_of_India,wikipedia,,,,,,,Official domain supplied from the expansion candidate list and verified live. Used the populated Wikipedia company profile as the information source. No company-specific sentiment URL was verified; left sentiment blank rather than padding with a generic search link.
All India Football Federation,the-aiff.com,https://en.wikipedia.org/wiki/India_national_football_team,wikipedia,,,,,,,Official domain supplied from the expansion candidate list and verified live. Used the populated Wikipedia company profile as the information source. No company-specific sentiment URL was verified; left sentiment blank rather than padding with a generic search link.
Lalit Kala Akademi,lalitkala.gov.in,https://lalitkala.gov.in/about,own_about_page,,,,,,,Official domain supplied from the expansion candidate list and verified live. Substantive own-site company/about page was found. No company-specific sentiment URL was verified; left sentiment blank rather than padding with a generic search link.
Sahitya Akademi,sahitya-akademi.gov.in,https://en.wikipedia.org/wiki/Sahitya_Akademi,wikipedia,,,,,,,Official domain supplied from the expansion candidate list and verified live. Used the populated Wikipedia company profile as the information source. No company-specific sentiment URL was verified; left sentiment blank rather than padding with a generic search link.
National Foundation for India,nfi.org.in,https://nfi.org.in/who-we-are,own_about_page,https://en.wikipedia.org/wiki/National_symbols_of_India,wikipedia,,,,,Official domain supplied from the expansion candidate list and verified live. Substantive own-site company/about page was found. No company-specific sentiment URL was verified; left sentiment blank rather than padding with a generic search link.
Centre for Science and Environment,cseindia.org,https://www.cseindia.org/who-we-are,own_about_page,,,,,,,Official domain supplied from the expansion candidate list and verified live. Substantive own-site company/about page was found. No company-specific sentiment URL was verified; left sentiment blank rather than padding with a generic search link.
Observer Research Foundation,orfonline.org,https://www.orfonline.org/about-us,own_about_page,,,,,,,Official domain supplied from the expansion candidate list and verified live. Substantive own-site company/about page was found. No company-specific sentiment URL was verified; left sentiment blank rather than padding with a generic search link.
Centre for Policy Research,cprindia.org,https://cprindia.org/who-we-are/,own_about_page,,,,,,,Official domain supplied from the expansion candidate list and verified live. Substantive own-site company/about page was found. No company-specific sentiment URL was verified; left sentiment blank rather than padding with a generic search link.
India Development Review,idronline.org,https://idronline.org/about/,own_about_page,https://en.wikipedia.org/wiki/East_India_Company,wikipedia,,,,,Official domain supplied from the expansion candidate list and verified live. Substantive own-site company/about page was found. No company-specific sentiment URL was verified; left sentiment blank rather than padding with a generic search link.
Indian Red Cross Society,indianredcross.org,https://www.indianredcross.org/ircs/aboutus/,own_about_page,,,,,,,Official domain supplied from the expansion candidate list and verified live. Substantive own-site company/about page was found. No company-specific sentiment URL was verified; left sentiment blank rather than padding with a generic search link.
The Art of Living Foundation,artofliving.org,https://www.artofliving.org/about-us,own_about_page,,,,,,,Official domain supplied from the expansion candidate list and verified live. Substantive own-site company/about page was found. No company-specific sentiment URL was verified; left sentiment blank rather than padding with a generic search link.
Chinmaya Mission,chinmayamission.com,https://www.chinmayamission.com/,own_about_page,https://en.wikipedia.org/wiki/Chinmaya_International_Residential_School,wikipedia,,,,,Official domain supplied from the expansion candidate list and verified live. Substantive own-site company/about page was found. No company-specific sentiment URL was verified; left sentiment blank rather than padding with a generic search link.
CleverTap,clevertap.com,https://clevertap.com/about-us/,own_about_page,https://en.wikipedia.org/wiki/CleverTap,wikipedia,,,,,Official domain supplied from the expansion candidate list and verified live. Substantive own-site company/about page was found. No company-specific sentiment URL was verified; left sentiment blank rather than padding with a generic search link.
MoEngage,moengage.com,https://www.moengage.com/about-us/,own_about_page,,,,,,,Official domain supplied from the expansion candidate list and verified live. Substantive own-site company/about page was found. No company-specific sentiment URL was verified; left sentiment blank rather than padding with a generic search link.
Darwinbox,darwinbox.com,https://en.wikipedia.org/wiki/Darwinbox,wikipedia,,,,,,,Official domain supplied from the expansion candidate list and verified live. Used the populated Wikipedia company profile as the information source. No company-specific sentiment URL was verified; left sentiment blank rather than padding with a generic search link.
Whatfix,whatfix.com,https://whatfix.com/about-us/,own_about_page,https://en.wikipedia.org/wiki/Whatfix,wikipedia,,,,,Official domain supplied from the expansion candidate list and verified live. Substantive own-site company/about page was found. No company-specific sentiment URL was verified; left sentiment blank rather than padding with a generic search link.
HighRadius,highradius.com,https://www.highradius.com/about/company-overview/,own_about_page,,,,,,,Official domain supplied from the expansion candidate list and verified live. Substantive own-site company/about page was found. No company-specific sentiment URL was verified; left sentiment blank rather than padding with a generic search link.
Uniphore,uniphore.com,https://www.uniphore.com/about-us/,own_about_page,https://en.wikipedia.org/wiki/Uniphore,wikipedia,,,,,Official domain supplied from the expansion candidate list and verified live. Substantive own-site company/about page was found. No company-specific sentiment URL was verified; left sentiment blank rather than padding with a generic search link.
Zenoti,zenoti.com,https://www.zenoti.com/company/about-us,own_about_page,,,,,,,Official domain supplied from the expansion candidate list and verified live. Substantive own-site company/about page was found. No company-specific sentiment URL was verified; left sentiment blank rather than padding with a generic search link.
Hasura,hasura.io,https://promptql.io/about,own_about_page,,,,,,,Official domain supplied from the expansion candidate list and verified live. Substantive own-site company/about page was found. No company-specific sentiment URL was verified; left sentiment blank rather than padding with a generic search link.
Gupshup,gupshup.ai,https://www.gupshup.ai:443/about-us,own_about_page,https://en.wikipedia.org/wiki/Gupshup,wikipedia,,,,,Official domain supplied from the expansion candidate list and verified live. Substantive own-site company/about page was found. No company-specific sentiment URL was verified; left sentiment blank rather than padding with a generic search link.
MindTickle,mindtickle.com,https://www.mindtickle.com/about-us/,own_about_page,,,,,,,Official domain supplied from the expansion candidate list and verified live. Substantive own-site company/about page was found. No company-specific sentiment URL was verified; left sentiment blank rather than padding with a generic search link.
Druva,druva.com,https://www.druva.com/why-druva/about/company,own_about_page,https://en.wikipedia.org/wiki/Druva,wikipedia,,,,,Official domain supplied from the expansion candidate list and verified live. Substantive own-site company/about page was found. No company-specific sentiment URL was verified; left sentiment blank rather than padding with a generic search link.
Apna,apna.co,https://en.wikipedia.org/wiki/Kohi_Apna_Sa,wikipedia,,,,,,,Official domain supplied from the expansion candidate list and verified live. Used the populated Wikipedia company profile as the information source. No company-specific sentiment URL was verified; left sentiment blank rather than padding with a generic search link.
Yellow.ai,yellow.ai,https://yellow.ai/about-us/,own_about_page,https://en.wikipedia.org/wiki/Yellow.ai,wikipedia,,,,,Official domain supplied from the expansion candidate list and verified live. Substantive own-site company/about page was found. No company-specific sentiment URL was verified; left sentiment blank rather than padding with a generic search link.
Detect Technologies,detecttechnologies.com,https://detecttechnologies.com/about-us/,own_about_page,,,,,,,Official domain supplied from the expansion candidate list and verified live. Substantive own-site company/about page was found. No company-specific sentiment URL was verified; left sentiment blank rather than padding with a generic search link.
Lentra,lentra.ai,https://lentra.ai/,own_about_page,,,,,,,Official domain supplied from the expansion candidate list and verified live. Substantive own-site company/about page was found. No company-specific sentiment URL was verified; left sentiment blank rather than padding with a generic search link.
Netradyne,netradyne.com,https://www.netradyne.com/company/about,own_about_page,https://en.wikipedia.org/wiki/Netradyne,wikipedia,,,,,Official domain supplied from the expansion candidate list and verified live. Substantive own-site company/about page was found. No company-specific sentiment URL was verified; left sentiment blank rather than padding with a generic search link.
Nanonets,nanonets.com,https://nanonets.com/about,own_about_page,,,,,,,Official domain supplied from the expansion candidate list and verified live. Substantive own-site company/about page was found. No company-specific sentiment URL was verified; left sentiment blank rather than padding with a generic search link.
Observe.AI,observe.ai,https://www.observe.ai/about-us,own_about_page,,,,,,,Official domain supplied from the expansion candidate list and verified live. Substantive own-site company/about page was found. No company-specific sentiment URL was verified; left sentiment blank rather than padding with a generic search link.
Haptik,haptik.ai,https://www.haptik.ai/about-us,own_about_page,https://en.wikipedia.org/wiki/Haptik,wikipedia,,,,,Official domain supplied from the expansion candidate list and verified live. Substantive own-site company/about page was found. No company-specific sentiment URL was verified; left sentiment blank rather than padding with a generic search link.
Sigtuple,sigtuple.com,https://sigtuple.com/about/,own_about_page,,,,,,,Official domain supplied from the expansion candidate list and verified live. Substantive own-site company/about page was found. No company-specific sentiment URL was verified; left sentiment blank rather than padding with a generic search link.
Qure.ai,qure.ai,https://www.qure.ai/about-us,own_about_page,,,,,,,Official domain supplied from the expansion candidate list and verified live. Substantive own-site company/about page was found. No company-specific sentiment URL was verified; left sentiment blank rather than padding with a generic search link.
Innovaccer,innovaccer.com,https://innovaccer.com/about,own_about_page,,,,,,,Official domain supplied from the expansion candidate list and verified live. Substantive own-site company/about page was found. No company-specific sentiment URL was verified; left sentiment blank rather than padding with a generic search link.
HealthPlix,healthplix.com,https://www.healthplix.com/about/company,own_about_page,,,,,,,Official domain supplied from the expansion candidate list and verified live. Substantive own-site company/about page was found. No company-specific sentiment URL was verified; left sentiment blank rather than padding with a generic search link.
MediBuddy,medibuddy.in,https://www.medibuddy.in/aboutus,own_about_page,,,,,,,Official domain supplied from the expansion candidate list and verified live. Substantive own-site company/about page was found. No company-specific sentiment URL was verified; left sentiment blank rather than padding with a generic search link.
mfine,mfine.co,https://www.mfine.co/about-us,own_about_page,,,,,,,Official domain supplied from the expansion candidate list and verified live. Substantive own-site company/about page was found. No company-specific sentiment URL was verified; left sentiment blank rather than padding with a generic search link.
HealthifyMe,healthifyme.com,https://www.healthifyme.com/in/,own_about_page,https://en.wikipedia.org/wiki/HealthifyMe,wikipedia,,,,,Official domain supplied from the expansion candidate list and verified live. Substantive own-site company/about page was found. No company-specific sentiment URL was verified; left sentiment blank rather than padding with a generic search link.
Tricog Health,tricog.com,https://tricog.com/about-us/,own_about_page,,,,,,,Official domain supplied from the expansion candidate list and verified live. Substantive own-site company/about page was found. No company-specific sentiment URL was verified; left sentiment blank rather than padding with a generic search link.
Unlearn.AI India,unlearn.ai,https://www.unlearn.ai/about,own_about_page,,,,,,,Official domain supplied from the expansion candidate list and verified live. Substantive own-site company/about page was found. No company-specific sentiment URL was verified; left sentiment blank rather than padding with a generic search link.
DeHaat,agrevolution.in,https://agrevolution.in/company,own_about_page,,,,,,,Official domain supplied from the expansion candidate list and verified live. Substantive own-site company/about page was found. No company-specific sentiment URL was verified; left sentiment blank rather than padding with a generic search link.
AgroStar,corporate.agrostar.in,https://corporate.agrostar.in/about-us,own_about_page,,,,,,,Official domain supplied from the expansion candidate list and verified live. Substantive own-site company/about page was found. No company-specific sentiment URL was verified; left sentiment blank rather than padding with a generic search link.
CropIn,cropin.com,https://www.cropin.com/about/,own_about_page,,,,,,,Official domain supplied from the expansion candidate list and verified live. Substantive own-site company/about page was found. No company-specific sentiment URL was verified; left sentiment blank rather than padding with a generic search link.
Stellapps,stellapps.com,https://www.stellapps.com/about/,own_about_page,,,,,,,Official domain supplied from the expansion candidate list and verified live. Substantive own-site company/about page was found. No company-specific sentiment URL was verified; left sentiment blank rather than padding with a generic search link.
Fasal,fasal.co,https://en.wikipedia.org/wiki/Pradhan_Mantri_Fasal_Bima_Yojana,wikipedia,,,,,,,Official domain supplied from the expansion candidate list and verified live. Used the populated Wikipedia company profile as the information source. No company-specific sentiment URL was verified; left sentiment blank rather than padding with a generic search link.
Samunnati,samunnati.com,https://samunnati.com/about-us-sam/,own_about_page,,,,,,,Official domain supplied from the expansion candidate list and verified live. Substantive own-site company/about page was found. No company-specific sentiment URL was verified; left sentiment blank rather than padding with a generic search link.
Gramophone,gramophone.in,https://gramophone.in/who-we-are/?lang=en,own_about_page,https://en.wikipedia.org/wiki/Gramophone_Company,wikipedia,,,,,Official domain supplied from the expansion candidate list and verified live. Substantive own-site company/about page was found. No company-specific sentiment URL was verified; left sentiment blank rather than padding with a generic search link.
AgNext Technologies,agnext.com,https://agnext.com/about,own_about_page,,,,,,,Official domain supplied from the expansion candidate list and verified live. Substantive own-site company/about page was found. No company-specific sentiment URL was verified; left sentiment blank rather than padding with a generic search link.
Nurture.farm,nurture.farm,https://nurture.farm/about-us/,own_about_page,,,,,,,Official domain supplied from the expansion candidate list and verified live. Substantive own-site company/about page was found. No company-specific sentiment URL was verified; left sentiment blank rather than padding with a generic search link.
Country Delight,countrydelight.in,https://countrydelight.in/who-we-are,own_about_page,https://en.wikipedia.org/wiki/Country_Delight,wikipedia,,,,,Official domain supplied from the expansion candidate list and verified live. Substantive own-site company/about page was found. No company-specific sentiment URL was verified; left sentiment blank rather than padding with a generic search link.
Plum Goodness,plumgoodness.com,https://plumgoodness.com/pages/about-us,own_about_page,,,,,,,Official domain supplied from the expansion candidate list and verified live. Substantive own-site company/about page was found. No company-specific sentiment URL was verified; left sentiment blank rather than padding with a generic search link.
Slurrp Farm,slurrpfarm.com,https://slurrpfarm.com/collections/shop-all,own_about_page,,,,,,,Official domain supplied from the expansion candidate list and verified live. Substantive own-site company/about page was found. No company-specific sentiment URL was verified; left sentiment blank rather than padding with a generic search link.
Bombay Shaving Company,bombayshavingcompany.com,https://www.bombayshavingcompany.com/,own_about_page,,,,,,,Official domain supplied from the expansion candidate list and verified live. Substantive own-site company/about page was found. No company-specific sentiment URL was verified; left sentiment blank rather than padding with a generic search link.
Blue Tokai Coffee Roasters,bluetokaicoffee.com,https://en.wikipedia.org/wiki/Blue_Tokai,wikipedia,,,,,,,Official domain supplied from the expansion candidate list and verified live. Used the populated Wikipedia company profile as the information source. No company-specific sentiment URL was verified; left sentiment blank rather than padding with a generic search link.
Aye Finance,ayefin.com,https://www.ayefin.com/about,own_about_page,,,,,,,Official domain supplied from the expansion candidate list and verified live. Substantive own-site company/about page was found. No company-specific sentiment URL was verified; left sentiment blank rather than padding with a generic search link.
Ultraviolette Automotive,ultraviolette.com,https://www.ultraviolette.com/about,own_about_page,https://en.wikipedia.org/wiki/Ultraviolette_Automotive,wikipedia,,,,,Official domain supplied from the expansion candidate list and verified live. Substantive own-site company/about page was found. No company-specific sentiment URL was verified; left sentiment blank rather than padding with a generic search link.
Simple Energy,simpleenergy.in,https://www.simpleenergy.in/about,own_about_page,https://en.wikipedia.org/wiki/Simple_Energy_(vehicle_company),wikipedia,,,,,Official domain supplied from the expansion candidate list and verified live. Substantive own-site company/about page was found. No company-specific sentiment URL was verified; left sentiment blank rather than padding with a generic search link.
Revolt Motors,revoltmotors.com,https://www.revoltmotors.com/about-us,own_about_page,,,,,,,Official domain supplied from the expansion candidate list and verified live. Substantive own-site company/about page was found. No company-specific sentiment URL was verified; left sentiment blank rather than padding with a generic search link.
Vida,vidaworld.com,https://en.wikipedia.org/wiki/Viva_la_Vida,wikipedia,,,,,,,Official domain supplied from the expansion candidate list and verified live. Used the populated Wikipedia company profile as the information source. No company-specific sentiment URL was verified; left sentiment blank rather than padding with a generic search link.
Yulu,yulu.bike,https://en.wikipedia.org/wiki/Yulu_(transportation_company),wikipedia,,,,,,,Official domain supplied from the expansion candidate list and verified live. Used the populated Wikipedia company profile as the information source. No company-specific sentiment URL was verified; left sentiment blank rather than padding with a generic search link.
Zoomcar,zoomcar.com,https://en.wikipedia.org/wiki/Zoomcar,wikipedia,,,,,,,Official domain supplied from the expansion candidate list and verified live. Used the populated Wikipedia company profile as the information source. No company-specific sentiment URL was verified; left sentiment blank rather than padding with a generic search link.
Yatra Online,yatra.com,https://en.wikipedia.org/wiki/Yatra_(company),wikipedia,,,,,,,Official domain supplied from the expansion candidate list and verified live. Used the populated Wikipedia company profile as the information source. No company-specific sentiment URL was verified; left sentiment blank rather than padding with a generic search link.
Square Yards,squareyards.com,https://www.squareyards.com/aboutus,own_about_page,https://en.wikipedia.org/wiki/Square_Yards_(company),wikipedia,,,,,Official domain supplied from the expansion candidate list and verified live. Substantive own-site company/about page was found. No company-specific sentiment URL was verified; left sentiment blank rather than padding with a generic search link.
PropTiger,proptiger.com,https://www.proptiger.com/aboutus,own_about_page,,,,,,,Official domain supplied from the expansion candidate list and verified live. Substantive own-site company/about page was found. No company-specific sentiment URL was verified; left sentiment blank rather than padding with a generic search link.
CreditAccess Grameen,creditaccessgrameen.in,https://www.creditaccessgrameen.in/csr/about-ca-india-foundation/,own_about_page,https://en.wikipedia.org/wiki/CreditAccess_Grameen,wikipedia,,,,,Official domain supplied from the expansion candidate list and verified live. Substantive own-site company/about page was found. No company-specific sentiment URL was verified; left sentiment blank rather than padding with a generic search link.
Satin Creditcare Network,satincreditcare.com,https://en.wikipedia.org/wiki/Satin_Creditcare_Network_Limited,wikipedia,,,,,,,Official domain supplied from the expansion candidate list and verified live. Used the populated Wikipedia company profile as the information source. No company-specific sentiment URL was verified; left sentiment blank rather than padding with a generic search link.
Ujjivan Small Finance Bank,ujjivansfb.bank.in,https://www.ujjivansfb.bank.in/about-us,own_about_page,https://en.wikipedia.org/wiki/Ujjivan_Small_Finance_Bank,wikipedia,,,,,Official domain supplied from the expansion candidate list and verified live. Substantive own-site company/about page was found. No company-specific sentiment URL was verified; left sentiment blank rather than padding with a generic search link.
Jana Small Finance Bank,jana.bank.in,https://en.wikipedia.org/wiki/Jana_Small_Finance_Bank,wikipedia,,,,,,,Official domain supplied from the expansion candidate list and verified live. Used the populated Wikipedia company profile as the information source. No company-specific sentiment URL was verified; left sentiment blank rather than padding with a generic search link.
DMI Finance,dmifinance.in,https://www.dmifinance.in/about-us/about-company/,own_about_page,,,,,,,Official domain supplied from the expansion candidate list and verified live. Substantive own-site company/about page was found. No company-specific sentiment URL was verified; left sentiment blank rather than padding with a generic search link.
Lendingkart,lendingkart.com,https://www.lendingkart.com/about-us/,own_about_page,,,,,,,Official domain supplied from the expansion candidate list and verified live. Substantive own-site company/about page was found. No company-specific sentiment URL was verified; left sentiment blank rather than padding with a generic search link.
Moneyview,moneyview.in,https://moneyview.in/about-us,own_about_page,,,,,,,Official domain supplied from the expansion candidate list and verified live. Substantive own-site company/about page was found. No company-specific sentiment URL was verified; left sentiment blank rather than padding with a generic search link.
PayU India,payu.in,https://payu.in/about-us,own_about_page,https://en.wikipedia.org/wiki/PayU,wikipedia,,,,,Official domain supplied from the expansion candidate list and verified live. Substantive own-site company/about page was found. No company-specific sentiment URL was verified; left sentiment blank rather than padding with a generic search link.
Cashfree Payments,cashfree.com,https://www.cashfree.com/about-us,own_about_page,,,,,,,Official domain supplied from the expansion candidate list and verified live. Substantive own-site company/about page was found. No company-specific sentiment URL was verified; left sentiment blank rather than padding with a generic search link.
M2P Fintech,m2pfintech.com,https://m2pfintech.com/about-us/,own_about_page,,,,,,,Official domain supplied from the expansion candidate list and verified live. Substantive own-site company/about page was found. No company-specific sentiment URL was verified; left sentiment blank rather than padding with a generic search link.
Juspay,juspay.io,https://juspay.io/about,own_about_page,,,,,,,Official domain supplied from the expansion candidate list and verified live. Substantive own-site company/about page was found. No company-specific sentiment URL was verified; left sentiment blank rather than padding with a generic search link.
Signzy,signzy.com,https://www.signzy.com/about-us,own_about_page,,,,,,,Official domain supplied from the expansion candidate list and verified live. Substantive own-site company/about page was found. No company-specific sentiment URL was verified; left sentiment blank rather than padding with a generic search link.
ReNew,renew.com,https://www.renew.com/,own_about_page,https://en.wikipedia.org/wiki/ReNew_Energy_Global,wikipedia,,,,,Official domain supplied from the expansion candidate list and verified live. Substantive own-site company/about page was found. No company-specific sentiment URL was verified; left sentiment blank rather than padding with a generic search link.
Avaada Group,avaada.com,https://www.avaada.com/about-us/,own_about_page,,,,,,,Official domain supplied from the expansion candidate list and verified live. Substantive own-site company/about page was found. No company-specific sentiment URL was verified; left sentiment blank rather than padding with a generic search link.
Fourth Partner Energy,fourthpartner.co,https://fourthpartner.co/who-we-are/,own_about_page,,,,,,,Official domain supplied from the expansion candidate list and verified live. Substantive own-site company/about page was found. No company-specific sentiment URL was verified; left sentiment blank rather than padding with a generic search link.
Amplus Solar,amplussolar.com,https://www.gentari.in/about/overview,own_about_page,,,,,,,Official domain supplied from the expansion candidate list and verified live. Substantive own-site company/about page was found. No company-specific sentiment URL was verified; left sentiment blank rather than padding with a generic search link.
India TV,indiatvnews.com,https://en.wikipedia.org/wiki/India_TV,wikipedia,,,,,,,Official domain supplied from the expansion candidate list and verified live. Used the populated Wikipedia company profile as the information source. No company-specific sentiment URL was verified; left sentiment blank rather than padding with a generic search link.
Republic Media Network,republicworld.com,https://www.republicworld.com/about-us,own_about_page,https://en.wikipedia.org/wiki/Republic_TV,wikipedia,,,,,Official domain supplied from the expansion candidate list and verified live. Substantive own-site company/about page was found. No company-specific sentiment URL was verified; left sentiment blank rather than padding with a generic search link.
The Quint,thequint.com,https://www.thequint.com/about-us,own_about_page,https://en.wikipedia.org/wiki/The_Quint,wikipedia,,,,,Official domain supplied from the expansion candidate list and verified live. Substantive own-site company/about page was found. No company-specific sentiment URL was verified; left sentiment blank rather than padding with a generic search link.
Scroll.in,scroll.in,https://en.wikipedia.org/wiki/Scroll.in,wikipedia,,,,,,,Official domain supplied from the expansion candidate list and verified live. Used the populated Wikipedia company profile as the information source. No company-specific sentiment URL was verified; left sentiment blank rather than padding with a generic search link.
Inc42,inc42.com,https://inc42.com/about/,own_about_page,,,,,,,Official domain supplied from the expansion candidate list and verified live. Substantive own-site company/about page was found. No company-specific sentiment URL was verified; left sentiment blank rather than padding with a generic search link.
Maharashtra Chamber of Commerce Industry and Agriculture,mcciapune.com,https://en.wikipedia.org/wiki/Maharashtra,wikipedia,,,,,,,Official domain supplied from the expansion candidate list and verified live. Used the populated Wikipedia company profile as the information source. No company-specific sentiment URL was verified; left sentiment blank rather than padding with a generic search link.
Indian Council of Arbitration,icaindia.co.in,https://icaindia.co.in/about/company,own_about_page,,,,,,,Official domain supplied from the expansion candidate list and verified live. Substantive own-site company/about page was found. No company-specific sentiment URL was verified; left sentiment blank rather than padding with a generic search link.
Oxfam India,oxfamindia.org,https://www.oxfamindia.org/about-us,own_about_page,https://en.wikipedia.org/wiki/Oxfam,wikipedia,,,,,Official domain supplied from the expansion candidate list and verified live. Substantive own-site company/about page was found. No company-specific sentiment URL was verified; left sentiment blank rather than padding with a generic search link.
WWF-India,wwfindia.org,https://www.wwfindia.org/,own_about_page,,,,,,,Official domain supplied from the expansion candidate list and verified live. Substantive own-site company/about page was found. No company-specific sentiment URL was verified; left sentiment blank rather than padding with a generic search link.
Aga Khan Foundation India,the.akdn,https://the.akdn/who-we-are,own_about_page,https://en.wikipedia.org/wiki/Aga_Khan_III,wikipedia,,,,,Official domain supplied from the expansion candidate list and verified live. Substantive own-site company/about page was found. No company-specific sentiment URL was verified; left sentiment blank rather than padding with a generic search link.
Bharat Gyan Vigyan Samiti,bgvsindia.org,https://bgvsindia.org/about/,own_about_page,,,,,,,Official domain supplied from the expansion candidate list and verified live. Substantive own-site company/about page was found. No company-specific sentiment URL was verified; left sentiment blank rather than padding with a generic search link.
India Literacy Project,ilpnet.org,https://www.ilpnet.org/about-2/,own_about_page,https://en.wikipedia.org/wiki/Literacy_in_India,wikipedia,,,,,Official domain supplied from the expansion candidate list and verified live. Substantive own-site company/about page was found. No company-specific sentiment URL was verified; left sentiment blank rather than padding with a generic search link.
